producto,precio,color,photo
Sujetador Balconette Elena de Encaje,"€ 29,90",4 Colores,https://www.intimissimi.com/dw/image/v2/BHHR_PRD/on/demandware.static/-/Sites-INT_EC_COM/default/dwd28b7974/images/RID96L019-M.jpg?sw=400&sfrm=jpeg
Sujetador Triangular Sexy Dot Com,"€ 29,90",2 Colores,https://www.intimissimi.com/dw/image/v2/BHHR_PRD/on/demandware.static/-/Sites-INT_EC_COM/default/dw3b5097d3/images/RSD2443019-M.jpg?sw=400&sfrm=jpeg
Sujetador Balconette Sexy Dot Com,"€ 29,90",,https://www.intimissimi.com/dw/image/v2/BHHR_PRD/on/demandware.static/-/Sites-INT_EC_COM/default/dw0bc7c6f8/images/RBD2443019-M.jpg?sw=400&sfrm=jpeg
Sujetador Carioca Silhouette D'Amour,"€ 29,90",2 Colores,https://www.intimissimi.com/dw/image/v2/BHHR_PRD/on/demandware.static/-/Sites-INT_EC_COM/default/dwe9b7104f/images/RBD24429888-M.jpg?sw=400&sfrm=jpeg
Sujetador Super Push-Up Gioia Forever Macramè,"€ 35,90",2 Colores,https://www.intimissimi.com/dw/image/v2/BHHR_PRD/on/demandware.static/-/Sites-INT_EC_COM/default/dwbf833403/images/RPS1433019-M.jpg?sw=400&sfrm=jpeg
Sujetador Gioia Super Push-Up de Microfibra,"€ 27,90",4 Colores,https://www.intimissimi.com/dw/image/v2/BHHR_PRD/on/demandware.static/-/Sites-INT_EC_COM/default/dw013293eb/images/RPS50B019-M.jpg?sw=400&sfrm=jpeg
Sujetador Balconette Elena de Encaje,"€ 29,90",4 Colores,https://www.intimissimi.com/dw/image/v2/BHHR_PRD/on/demandware.static/-/Sites-INT_EC_COM/default/dw9cc97ffe/images/RID96L1467-M.jpg?sw=400&sfrm=jpeg
Sujetador Carioca Sexy Dot Com,"€ 29,90",,https://www.intimissimi.com/dw/image/v2/BHHR_PRD/on/demandware.static/-/Sites-INT_EC_COM/default/dw0fef57f1/images/RID2443019-M.jpg?sw=400&sfrm=jpeg
Sujetador Super Push-Up Gioia Pretty Flowers,"€ 35,90",5 Colores,https://www.intimissimi.com/dw/image/v2/BHHR_PRD/on/demandware.static/-/Sites-INT_EC_COM/default/dwc47f1727/images/RPS1294735I-M.jpg?sw=400&sfrm=jpeg
Sujetador Triangular Tiziana de Algodón,"€ 19,90",14 Colores,https://www.intimissimi.com/dw/image/v2/BHHR_PRD/on/demandware.static/-/Sites-INT_EC_COM/default/dwa7b714cd/images/RIS65T_wear_019_M.jpg?sw=400&sfrm=png
Sujetador Push-up Fabiola Silhouette D'Amour,"€ 35,90",2 Colores,https://www.intimissimi.com/dw/image/v2/BHHR_PRD/on/demandware.static/-/Sites-INT_EC_COM/default/dw13e67f97/images/RPS24429888-M.jpg?sw=400&sfrm=jpeg
Sujetador Balconette Sofia Pretty Iconic,"€ 35,90",,https://www.intimissimi.com/dw/image/v2/BHHR_PRD/on/demandware.static/-/Sites-INT_EC_COM/default/dw35ad2044/images/RID2441019-M.jpg?sw=400&sfrm=jpeg
Sujetador Triangular Tiziana de Algodón,"€ 19,90",14 Colores,https://www.intimissimi.com/dw/image/v2/BHHR_PRD/on/demandware.static/-/Sites-INT_EC_COM/default/dwab70aeec/images/RIS65T_wear_044_M.jpg?sw=400&sfrm=png
Sujetador Super Push-Up Mia Let's Shine,"€ 35,90",,https://www.intimissimi.com/dw/image/v2/BHHR_PRD/on/demandware.static/-/Sites-INT_EC_COM/default/dw1636003c/images/RP1410S4617-M.jpg?sw=400&sfrm=jpeg
Sujetador Balconette Sofia Silhouette D'Amour,"€ 35,90",2 Colores,https://www.intimissimi.com/dw/image/v2/BHHR_PRD/on/demandware.static/-/Sites-INT_EC_COM/default/dwf07d2a32/images/RID24429888-M.jpg?sw=400&sfrm=jpeg
Sujetador Balconette Elena de Encaje,"€ 29,90",4 Colores,https://www.intimissimi.com/dw/image/v2/BHHR_PRD/on/demandware.static/-/Sites-INT_EC_COM/default/dw832410cc/images/RID96L044-M.jpg?sw=400&sfrm=jpeg
Sujetador Balconette Sofia de Encaje,"€ 29,90",7 Colores,https://www.intimissimi.com/dw/image/v2/BHHR_PRD/on/demandware.static/-/Sites-INT_EC_COM/default/dw947f92b1/images/RID96S019-M.jpg?sw=400&sfrm=jpeg
Sujetador Super Push-Up Gioia Pretty Flowers,"€ 35,90",5 Colores,https://www.intimissimi.com/dw/image/v2/BHHR_PRD/on/demandware.static/-/Sites-INT_EC_COM/default/dwf853123e/images/RPS1294019-M.jpg?sw=400&sfrm=jpeg
Sujetador Triangular Lara de Algodón,"€ 19,90",9 Colores,https://www.intimissimi.com/dw/image/v2/BHHR_PRD/on/demandware.static/-/Sites-INT_EC_COM/default/dw8cab49f3/images/RSD65M_wear_019_M.jpg?sw=400&sfrm=png
Sujetador Balconette Sofia Romantic Life,"€ 35,90",2 Colores,https://www.intimissimi.com/dw/image/v2/BHHR_PRD/on/demandware.static/-/Sites-INT_EC_COM/default/dw232c3a4e/images/RID2440741I-M.jpg?sw=400&sfrm=jpeg
Sujetador Balconette Sofia Pretty Flowers,"€ 39,90",5 Colores,https://www.intimissimi.com/dw/image/v2/BHHR_PRD/on/demandware.static/-/Sites-INT_EC_COM/default/dwe0eb4850/images/RI1294S735I-M.jpg?sw=400&sfrm=jpeg
Sujetador Balconette Sofia Silhouette D'Amour,"€ 35,90",2 Colores,https://www.intimissimi.com/dw/image/v2/BHHR_PRD/on/demandware.static/-/Sites-INT_EC_COM/default/dw59c8b2f3/images/RID2442019-M.jpg?sw=400&sfrm=jpeg
Sujetador Triangular Pretty Iconic,"€ 29,90",,https://www.intimissimi.com/dw/image/v2/BHHR_PRD/on/demandware.static/-/Sites-INT_EC_COM/default/dw97b8f792/images/RSD2441019-M.jpg?sw=400&sfrm=jpeg
Sujetador de Aros Acolchado en Microfibra Sofia,"€ 27,90",6 Colores,https://www.intimissimi.com/dw/image/v2/BHHR_PRD/on/demandware.static/-/Sites-INT_EC_COM/default/dw75ec2d49/images/RID50H019-M.jpg?sw=400&sfrm=jpeg
Sujetador Super Push-Up Gioia de Encaje,"€ 29,90",4 Colores,https://www.intimissimi.com/dw/image/v2/BHHR_PRD/on/demandware.static/-/Sites-INT_EC_COM/default/dwb1321d91/images/RPS96G019-M.jpg?sw=400&sfrm=jpeg
Sujetador Bellissima Push-Up de Algodón,"€ 19,90",5 Colores,https://www.intimissimi.com/dw/image/v2/BHHR_PRD/on/demandware.static/-/Sites-INT_EC_COM/default/dwe061cf02/images/RPD65C031-M.jpg?sw=400&sfrm=jpeg
Sujetador Push-Up Sweet en Microfibra Bellissima,"€ 19,90",5 Colores,https://www.intimissimi.com/dw/image/v2/BHHR_PRD/on/demandware.static/-/Sites-INT_EC_COM/default/dw420bd59e/images/RP50L2019-M.jpg?sw=400&sfrm=jpeg
Sujetador Triángulo en Microfibra Tiziana,"€ 19,90",5 Colores,https://www.intimissimi.com/dw/image/v2/BHHR_PRD/on/demandware.static/-/Sites-INT_EC_COM/default/dwb35809b7/images/RI50T2019-M.jpg?sw=400&sfrm=jpeg
Sujetador Balconette Sofia de Encaje,"€ 29,90",7 Colores,https://www.intimissimi.com/dw/image/v2/BHHR_PRD/on/demandware.static/-/Sites-INT_EC_COM/default/dw16ca60f5/images/RID96S001-M.jpg?sw=400&sfrm=jpeg
Sujetador Triangular Lara de Algodón,"€ 19,90",9 Colores,https://www.intimissimi.com/dw/image/v2/BHHR_PRD/on/demandware.static/-/Sites-INT_EC_COM/default/dwed381e6d/images/RSD65M_wear_001_M.jpg?sw=400&sfrm=png
Sujetador Triángulo en Microfibra Tiziana,"€ 19,90",5 Colores,https://www.intimissimi.com/dw/image/v2/BHHR_PRD/on/demandware.static/-/Sites-INT_EC_COM/default/dwb7aa0298/images/RI50T2044-M.jpg?sw=400&sfrm=jpeg
Sujetador Balconette Daniela de Encaje,"€ 29,90",5 Colores,https://www.intimissimi.com/dw/image/v2/BHHR_PRD/on/demandware.static/-/Sites-INT_EC_COM/default/dwfb5a6c2e/images/RBD96N019-M.jpg?sw=400&sfrm=jpeg
Sujetador Balconette Sofia Pretty Flowers,"€ 39,90",5 Colores,https://www.intimissimi.com/dw/image/v2/BHHR_PRD/on/demandware.static/-/Sites-INT_EC_COM/default/dw932ccadf/images/RI1294S019-M.jpg?sw=400&sfrm=jpeg
Sujetador Triangular Tiziana de Algodón,"€ 19,90",14 Colores,https://www.intimissimi.com/dw/image/v2/BHHR_PRD/on/demandware.static/-/Sites-INT_EC_COM/default/dwe9483261/images/RIS65T_wear_031_M.jpg?sw=400&sfrm=png
Sujetador Balconette Elena de Encaje,"€ 29,90",4 Colores,https://www.intimissimi.com/dw/image/v2/BHHR_PRD/on/demandware.static/-/Sites-INT_EC_COM/default/dw380cba0c/images/RID96L2280-M.jpg?sw=400&sfrm=jpeg
Sujetador Super Push-Up Elettra Animal Vibes,"€ 35,90",,https://www.intimissimi.com/dw/image/v2/BHHR_PRD/on/demandware.static/-/Sites-INT_EC_COM/default/dw94425970/images/RPD2438832I-M.jpg?sw=400&sfrm=jpeg
Sujetador Triangular Emma de Algodón Natural,"€ 19,90",7 Colores,https://www.intimissimi.com/dw/image/v2/BHHR_PRD/on/demandware.static/-/Sites-INT_EC_COM/default/dwb8e267ff/images/RSD65E_wear_019_M.jpg?sw=400&sfrm=png
Sujetador Balconette Sofia Bustier Something Lacy,"€ 35,90",,https://www.intimissimi.com/dw/image/v2/BHHR_PRD/on/demandware.static/-/Sites-INT_EC_COM/default/dw1592dedd/images/RID14119888-M.jpg?sw=400&sfrm=jpeg
Sujetador Carioca Silhouette D'Amour,"€ 29,90",2 Colores,https://www.intimissimi.com/dw/image/v2/BHHR_PRD/on/demandware.static/-/Sites-INT_EC_COM/default/dw1f2ffa85/images/RBD2442019-M.jpg?sw=400&sfrm=jpeg
Sujetador Balconette Greta de Algodón,"€ 19,90",5 Colores,https://www.intimissimi.com/dw/image/v2/BHHR_PRD/on/demandware.static/-/Sites-INT_EC_COM/default/dwd68d6e0b/images/RBD65A_wear_019_M.jpg?sw=400&sfrm=png
Sujetador Triangular Emma de Encaje,"€ 25,90",3 Colores,https://www.intimissimi.com/dw/image/v2/BHHR_PRD/on/demandware.static/-/Sites-INT_EC_COM/default/dw429af310/images/RSD96E019-M.jpg?sw=400&sfrm=jpeg
Sujetador Super Push-Up Gioia Pretty Flowers,"€ 35,90",5 Colores,https://www.intimissimi.com/dw/image/v2/BHHR_PRD/on/demandware.static/-/Sites-INT_EC_COM/default/dw2f0033a1/images/RPS12949887-M.jpg?sw=400&sfrm=jpeg
Sujetador Triangular Tiziana de Algodón,"€ 19,90",14 Colores,https://www.intimissimi.com/dw/image/v2/BHHR_PRD/on/demandware.static/-/Sites-INT_EC_COM/default/dwde6b0f08/images/RIS65T725I-M.jpg?sw=400&sfrm=jpeg
Sujetador Triangular Sensual Femininity,"€ 29,90",,https://www.intimissimi.com/dw/image/v2/BHHR_PRD/on/demandware.static/-/Sites-INT_EC_COM/default/dwb9c2af31/images/RSD1435019-M.jpg?sw=400&sfrm=jpeg
Sujetador Push-Up Sweet en Microfibra Bellissima,"€ 19,90",5 Colores,https://www.intimissimi.com/dw/image/v2/BHHR_PRD/on/demandware.static/-/Sites-INT_EC_COM/default/dwa580e771/images/RP50L2001-M.jpg?sw=400&sfrm=jpeg
Sujetador Triangular Tiziana de Algodón,"€ 19,90",14 Colores,https://www.intimissimi.com/dw/image/v2/BHHR_PRD/on/demandware.static/-/Sites-INT_EC_COM/default/dwa71ef22b/images/RIS65T616I-M.jpg?sw=400&sfrm=jpeg
Sujetador Balconette Irina de Microfibra,"€ 29,90",2 Colores,https://www.intimissimi.com/dw/image/v2/BHHR_PRD/on/demandware.static/-/Sites-INT_EC_COM/default/dw99970d0a/images/RID49I_wear_019_M.jpg?sw=400&sfrm=png
Sujetador Bellissima Push-Up de Algodón Copa B,"€ 19,90",5 Colores,https://www.intimissimi.com/dw/image/v2/BHHR_PRD/on/demandware.static/-/Sites-INT_EC_COM/default/dw0280edb7/images/RPD65B001-M.jpg?sw=400&sfrm=jpeg
Sujetador Triangular de Encaje Tiziana,"€ 27,90",5 Colores,https://www.intimissimi.com/dw/image/v2/BHHR_PRD/on/demandware.static/-/Sites-INT_EC_COM/default/dw2cb7db74/images/RIS96T1467-M.jpg?sw=400&sfrm=jpeg
Sujetador Triangular Emma de Seda,"€ 29,90",4 Colores,https://www.intimissimi.com/dw/image/v2/BHHR_PRD/on/demandware.static/-/Sites-INT_EC_COM/default/dw337ae65e/images/RSD92E019-M.jpg?sw=400&sfrm=jpeg
Sujetador Balconette Giorgia Romantic Life,"€ 35,90",2 Colores,https://www.intimissimi.com/dw/image/v2/BHHR_PRD/on/demandware.static/-/Sites-INT_EC_COM/default/dw5e4b8c22/images/RI2440G741I-M.jpg?sw=400&sfrm=jpeg
Sujetador Triangular Sweet Temptation,"€ 29,90",2 Colores,https://www.intimissimi.com/dw/image/v2/BHHR_PRD/on/demandware.static/-/Sites-INT_EC_COM/default/dw1b438c10/images/RSD1428019-M.jpg?sw=400&sfrm=jpeg
Sujetador Push-Up Fabiola Pretty Flower,"€ 35,90",3 Colores,https://www.intimissimi.com/dw/image/v2/BHHR_PRD/on/demandware.static/-/Sites-INT_EC_COM/default/dwe03eaf01/images/RP1294F019-M.jpg?sw=400&sfrm=jpeg
Sujetador Triangular Sexy Dot Com,"€ 29,90",2 Colores,https://www.intimissimi.com/dw/image/v2/BHHR_PRD/on/demandware.static/-/Sites-INT_EC_COM/default/dw9fc5ff30/images/RSD24439888-M.jpg?sw=400&sfrm=jpeg
Sujetador Push-Up Sweet en Microfibra Bellissima,"€ 19,90",5 Colores,https://www.intimissimi.com/dw/image/v2/BHHR_PRD/on/demandware.static/-/Sites-INT_EC_COM/default/dw000d9b8d/images/RP50L2044-M.jpg?sw=400&sfrm=jpeg
Sujetador Bellissima Push-Up de Algodón Copa B,"€ 19,90",5 Colores,https://www.intimissimi.com/dw/image/v2/BHHR_PRD/on/demandware.static/-/Sites-INT_EC_COM/default/dwc54210a1/images/RPD65B044-M.jpg?sw=400&sfrm=jpeg
Sujetador Super Push-Up en Microfibra Simona,"€ 25,90",4 Colores,https://www.intimissimi.com/dw/image/v2/BHHR_PRD/on/demandware.static/-/Sites-INT_EC_COM/default/dw28aa394c/images/RPD50S019-M.jpg?sw=400&sfrm=jpeg
Sujetador Balconette Daniela de Encaje,"€ 29,90",5 Colores,https://www.intimissimi.com/dw/image/v2/BHHR_PRD/on/demandware.static/-/Sites-INT_EC_COM/default/dw0be55b46/images/RBD96N1473-M.jpg?sw=400&sfrm=jpeg
Sujetador Triangular Lara Invisible Touch,"€ 29,90",3 Colores,https://www.intimissimi.com/dw/image/v2/BHHR_PRD/on/demandware.static/-/Sites-INT_EC_COM/default/dw1ab5d937/images/RSD95M019-M.jpg?sw=400&sfrm=jpeg
Sujetador Super Push-Up en Microfibra Simona,"€ 25,90",4 Colores,https://www.intimissimi.com/dw/image/v2/BHHR_PRD/on/demandware.static/-/Sites-INT_EC_COM/default/dw9ac5b4ad/images/RPD50S044-M.jpg?sw=400&sfrm=jpeg
Sujetador Triangular Tiziana de Algodón,"€ 19,90",14 Colores,https://www.intimissimi.com/dw/image/v2/BHHR_PRD/on/demandware.static/-/Sites-INT_EC_COM/default/dwea7eb459/images/RIS65T_wear_001_M.jpg?sw=400&sfrm=png
Sujetador Balconette Serena de Microfibra Ultralig...,"€ 25,90",3 Colores,https://www.intimissimi.com/dw/image/v2/BHHR_PRD/on/demandware.static/-/Sites-INT_EC_COM/default/dwe85f4757/images/RBD49S_wear_019_M.jpg?sw=400&sfrm=png
Sujetador Triangular Tiziana Camou Flower,"€ 29,90",,https://www.intimissimi.com/dw/image/v2/BHHR_PRD/on/demandware.static/-/Sites-INT_EC_COM/default/dwfca14e40/images/RIS1436727I-M.jpg?sw=400&sfrm=jpeg
Sujetador Balconette Sveva Invisible Touch,"€ 29,90",3 Colores,https://www.intimissimi.com/dw/image/v2/BHHR_PRD/on/demandware.static/-/Sites-INT_EC_COM/default/dwda2fe444/images/RBD95A019-M.jpg?sw=400&sfrm=jpeg
Sujetador Balconette Greta de Algodón,"€ 19,90",5 Colores,https://www.intimissimi.com/dw/image/v2/BHHR_PRD/on/demandware.static/-/Sites-INT_EC_COM/default/dwe6a2fcd9/images/RBD65A_wear_044_M.jpg?sw=400&sfrm=png
Sujetador Balconette Irina de Microfibra,"€ 29,90",2 Colores,https://www.intimissimi.com/dw/image/v2/BHHR_PRD/on/demandware.static/-/Sites-INT_EC_COM/default/dw22f87992/images/RID49I044-M.jpg?sw=400&sfrm=jpeg
Sujetador Balconette Francesca de Microfibra Ultra...,"€ 29,90",5 Colores,https://www.intimissimi.com/dw/image/v2/BHHR_PRD/on/demandware.static/-/Sites-INT_EC_COM/default/dwd479fc2b/images/RID49F_wear_044_M.jpg?sw=400&sfrm=png
Sujetador de Aros Acolchado en Microfibra Sofia,"€ 27,90",6 Colores,https://www.intimissimi.com/dw/image/v2/BHHR_PRD/on/demandware.static/-/Sites-INT_EC_COM/default/dw56fbb83c/images/RID50H417I-M.jpg?sw=400&sfrm=jpeg
Sujetador Balconette Sofia Romantic Life,"€ 35,90",2 Colores,https://www.intimissimi.com/dw/image/v2/BHHR_PRD/on/demandware.static/-/Sites-INT_EC_COM/default/dwd8a48732/images/RID24401467-M.jpg?sw=400&sfrm=jpeg
Sujetador Bandeau con Relleno Lady Rock,"€ 39,90",,https://www.intimissimi.com/dw/image/v2/BHHR_PRD/on/demandware.static/-/Sites-INT_EC_COM/default/dw0a6eeaec/images/RID1407019-M.jpg?sw=400&sfrm=jpeg
Sujetador Bellissima Push-Up de Algodón,"€ 19,90",5 Colores,https://www.intimissimi.com/dw/image/v2/BHHR_PRD/on/demandware.static/-/Sites-INT_EC_COM/default/dw8b89d763/images/RPD65C044-M.jpg?sw=400&sfrm=jpeg
Sujetador Balconette Irina de Encaje,"€ 29,90",2 Colores,https://www.intimissimi.com/dw/image/v2/BHHR_PRD/on/demandware.static/-/Sites-INT_EC_COM/default/dw3b40bd0d/images/RID91I_wear_019_M.jpg?sw=400&sfrm=png
Sujetador Push-Up Elettra Sexy Dot Com,"€ 35,90",2 Colores,https://www.intimissimi.com/dw/image/v2/BHHR_PRD/on/demandware.static/-/Sites-INT_EC_COM/default/dw737ceb2b/images/RPD2443019-M.jpg?sw=400&sfrm=jpeg
Sujetador Balconette Sofia Animal Vibes,"€ 35,90",,https://www.intimissimi.com/dw/image/v2/BHHR_PRD/on/demandware.static/-/Sites-INT_EC_COM/default/dw19f751f1/images/RID2438832I-M.jpg?sw=400&sfrm=jpeg
Sujetador Triangular Tiziana Pretty Iconic,"€ 29,90",,https://www.intimissimi.com/dw/image/v2/BHHR_PRD/on/demandware.static/-/Sites-INT_EC_COM/default/dw18107d5f/images/RIS2441019-M.jpg?sw=400&sfrm=jpeg
Sujetador Gioia Super Push-Up de Microfibra,"€ 27,90",4 Colores,https://www.intimissimi.com/dw/image/v2/BHHR_PRD/on/demandware.static/-/Sites-INT_EC_COM/default/dwe4e69d35/images/RPS50B044-M.jpg?sw=400&sfrm=jpeg
Sujetador Triangular Sheer Delight,"€ 29,90",,https://www.intimissimi.com/dw/image/v2/BHHR_PRD/on/demandware.static/-/Sites-INT_EC_COM/default/dw6c21c5a3/images/RSD2439019-M.jpg?sw=400&sfrm=jpeg
Sujetador Triangular Lara de Algodón,"€ 19,90",9 Colores,https://www.intimissimi.com/dw/image/v2/BHHR_PRD/on/demandware.static/-/Sites-INT_EC_COM/default/dw9d4dce21/images/RSD65M351I-M.jpg?sw=400&sfrm=jpeg
Sujetador Triangular Tiziana Let's Shine,"€ 29,90",,https://www.intimissimi.com/dw/image/v2/BHHR_PRD/on/demandware.static/-/Sites-INT_EC_COM/default/dw3318d3b1/images/RIS14104617-M.jpg?sw=400&sfrm=jpeg
Sujetador Super Push-Up Gioia Forever Macramè,"€ 35,90",2 Colores,https://www.intimissimi.com/dw/image/v2/BHHR_PRD/on/demandware.static/-/Sites-INT_EC_COM/default/dw9677a7d2/images/RPS1433001-M.jpg?sw=400&sfrm=jpeg
Sujetador Bellissima Push-Up de Algodón,"€ 19,90",5 Colores,https://www.intimissimi.com/dw/image/v2/BHHR_PRD/on/demandware.static/-/Sites-INT_EC_COM/default/dwad962053/images/RPD65C019-M.jpg?sw=400&sfrm=jpeg
Sujetador Triangular Emma de Seda,"€ 29,90",4 Colores,https://www.intimissimi.com/dw/image/v2/BHHR_PRD/on/demandware.static/-/Sites-INT_EC_COM/default/dwa4f208b9/images/RSD92E1467-M.jpg?sw=400&sfrm=jpeg
Sujetador de Aros Acolchado en Microfibra Sofia,"€ 27,90",6 Colores,https://www.intimissimi.com/dw/image/v2/BHHR_PRD/on/demandware.static/-/Sites-INT_EC_COM/default/dwacdaabc8/images/RID50H044-M.jpg?sw=400&sfrm=jpeg
Sujetador Triangular Adele en Microfibra Ultralige...,"€ 29,90",3 Colores,https://www.intimissimi.com/dw/image/v2/BHHR_PRD/on/demandware.static/-/Sites-INT_EC_COM/default/dw012c6297/images/RIS49A044-M.jpg?sw=400&sfrm=jpeg
Sujetador Push-Up Bellissima de Encaje,"€ 25,90",5 Colores,https://www.intimissimi.com/dw/image/v2/BHHR_PRD/on/demandware.static/-/Sites-INT_EC_COM/default/dwe0764126/images/RPD96L019-M.jpg?sw=400&sfrm=jpeg
Sujetador Push-up Fabiola Silhouette D'Amour,"€ 35,90",2 Colores,https://www.intimissimi.com/dw/image/v2/BHHR_PRD/on/demandware.static/-/Sites-INT_EC_COM/default/dw65ebff55/images/RPS2442019-M.jpg?sw=400&sfrm=jpeg
Sujetador de Aros Acolchado en Microfibra Sofia,"€ 27,90",6 Colores,https://www.intimissimi.com/dw/image/v2/BHHR_PRD/on/demandware.static/-/Sites-INT_EC_COM/default/dw938ba609/images/RID50H2280-M.jpg?sw=400&sfrm=jpeg
Sujetador Bellissima Push-Up de Algodón Copa B,"€ 19,90",5 Colores,https://www.intimissimi.com/dw/image/v2/BHHR_PRD/on/demandware.static/-/Sites-INT_EC_COM/default/dw30dc63ed/images/RPD65B019-M.jpg?sw=400&sfrm=jpeg
Sujetador Gioia Super Push-Up de Microfibra,"€ 27,90",4 Colores,https://www.intimissimi.com/dw/image/v2/BHHR_PRD/on/demandware.static/-/Sites-INT_EC_COM/default/dw61820995/images/RPS50B001-M.jpg?sw=400&sfrm=jpeg
Sujetador Balconette Sofia Sweet Temptation,"€ 35,90",3 Colores,https://www.intimissimi.com/dw/image/v2/BHHR_PRD/on/demandware.static/-/Sites-INT_EC_COM/default/dw2e141ffc/images/RID1428019-M.jpg?sw=400&sfrm=jpeg
Sujetador Super Push-Up Gioia de Encaje,"€ 29,90",4 Colores,https://www.intimissimi.com/dw/image/v2/BHHR_PRD/on/demandware.static/-/Sites-INT_EC_COM/default/dwc537c856/images/RPS96G001-M.jpg?sw=400&sfrm=jpeg
Sujetador Super Push-up Mia de Encaje,"€ 29,90",3 Colores,https://www.intimissimi.com/dw/image/v2/BHHR_PRD/on/demandware.static/-/Sites-INT_EC_COM/default/dw7b1ef1e1/images/RPD91S019-M.jpg?sw=400&sfrm=jpeg
Sujetador Triangular de Encaje Tiziana,"€ 27,90",5 Colores,https://www.intimissimi.com/dw/image/v2/BHHR_PRD/on/demandware.static/-/Sites-INT_EC_COM/default/dw318d673d/images/RIS96T019-M.jpg?sw=400&sfrm=jpeg
Sujetador Push-Up Sweet en Microfibra Bellissima,"€ 19,90",5 Colores,https://www.intimissimi.com/dw/image/v2/BHHR_PRD/on/demandware.static/-/Sites-INT_EC_COM/default/dwc8cae679/images/RP50L22280-M.jpg?sw=400&sfrm=jpeg
Sujetador Balconette Sofia de Encaje,"€ 29,90",7 Colores,https://www.intimissimi.com/dw/image/v2/BHHR_PRD/on/demandware.static/-/Sites-INT_EC_COM/default/dwc0b818c9/images/RID96S1467-M.jpg?sw=400&sfrm=jpeg
Sujetador Triángulo en Microfibra Tiziana,"€ 19,90",5 Colores,https://www.intimissimi.com/dw/image/v2/BHHR_PRD/on/demandware.static/-/Sites-INT_EC_COM/default/dwc5c9d499/images/RI50T2_wear_417I_M.jpg?sw=400&sfrm=png
Sujetador Super Push-Up Mia de Seda,"€ 39,90",3 Colores,https://www.intimissimi.com/dw/image/v2/BHHR_PRD/on/demandware.static/-/Sites-INT_EC_COM/default/dw8ef8bb0e/images/RPD92S019-M.jpg?sw=400&sfrm=jpeg
Sujetador Bandeau Giada de Microfibra,"€ 29,90",5 Colores,https://www.intimissimi.com/dw/image/v2/BHHR_PRD/on/demandware.static/-/Sites-INT_EC_COM/default/dwc26018e4/images/RIF49A019-M.jpg?sw=400&sfrm=jpeg
Sujetador Super Push-Up Gioia de Encaje,"€ 29,90",4 Colores,https://www.intimissimi.com/dw/image/v2/BHHR_PRD/on/demandware.static/-/Sites-INT_EC_COM/default/dw92011ea5/images/RPS91G_wear_1467_M.jpg?sw=400&sfrm=png
Sujetador Balconette Daniela de Encaje,"€ 29,90",5 Colores,https://www.intimissimi.com/dw/image/v2/BHHR_PRD/on/demandware.static/-/Sites-INT_EC_COM/default/dwe358696b/images/RBD96N2280-M.jpg?sw=400&sfrm=jpeg
Sujetador Bandeau Daila de Microfibra Ultraligera,"€ 29,90",4 Colores,https://www.intimissimi.com/dw/image/v2/BHHR_PRD/on/demandware.static/-/Sites-INT_EC_COM/default/dw81f7672b/images/RIF49B_wear_019_M.jpg?sw=400&sfrm=png
Sujetador Balconette Giorgia de Encaje,"€ 29,90",5 Colores,https://www.intimissimi.com/dw/image/v2/BHHR_PRD/on/demandware.static/-/Sites-INT_EC_COM/default/dw6e549b0d/images/RID96G044-M.jpg?sw=400&sfrm=jpeg
Sujetador Triangular Lara de Algodón,"€ 19,90",9 Colores,https://www.intimissimi.com/dw/image/v2/BHHR_PRD/on/demandware.static/-/Sites-INT_EC_COM/default/dw0c4feb56/images/RSD65M044-M.jpg?sw=400&sfrm=jpeg
Sujetador Push-up Bellissima de Encaje,"€ 25,90",5 Colores,https://www.intimissimi.com/dw/image/v2/BHHR_PRD/on/demandware.static/-/Sites-INT_EC_COM/default/dw636817a7/images/RPD91L019-M.jpg?sw=400&sfrm=jpeg
Sujetador Push-Up Bellissima de Seda,"€ 35,90",4 Colores,https://www.intimissimi.com/dw/image/v2/BHHR_PRD/on/demandware.static/-/Sites-INT_EC_COM/default/dw38ad0128/images/RPD92L019-M.jpg?sw=400&sfrm=jpeg
Sujetador Triangular Emma Invisible Touch,"€ 29,90",3 Colores,https://www.intimissimi.com/dw/image/v2/BHHR_PRD/on/demandware.static/-/Sites-INT_EC_COM/default/dw582b211a/images/RSD95E019-M.jpg?sw=400&sfrm=jpeg
Sujetador Banda Gioia,"€ 29,90",6 Colores,https://www.intimissimi.com/dw/image/v2/BHHR_PRD/on/demandware.static/-/Sites-INT_EC_COM/default/dwa1a03d1b/images/RIF50G044-M.jpg?sw=400&sfrm=jpeg
Sujetador Triangular de Encaje Tiziana,"€ 27,90",5 Colores,https://www.intimissimi.com/dw/image/v2/BHHR_PRD/on/demandware.static/-/Sites-INT_EC_COM/default/dwc68ed748/images/RIS96T044-M.jpg?sw=400&sfrm=jpeg
Sujetador Push-Up Fabiola Pretty Flower,"€ 35,90",3 Colores,https://www.intimissimi.com/dw/image/v2/BHHR_PRD/on/demandware.static/-/Sites-INT_EC_COM/default/dw0c083034/images/RP1294F735I-M.jpg?sw=400&sfrm=jpeg
Sujetador Triangular Lara de Algodón,"€ 19,90",9 Colores,https://www.intimissimi.com/dw/image/v2/BHHR_PRD/on/demandware.static/-/Sites-INT_EC_COM/default/dw5a5b8127/images/RSD65M_wear_1467_M.jpg?sw=400&sfrm=png
Sujetador Banda Gioia,"€ 29,90",6 Colores,https://www.intimissimi.com/dw/image/v2/BHHR_PRD/on/demandware.static/-/Sites-INT_EC_COM/default/dw41761bfb/images/RIF50G019-M.jpg?sw=400&sfrm=jpeg
Sujetador Triangular Adele en Microfibra Ultralige...,"€ 29,90",3 Colores,https://www.intimissimi.com/dw/image/v2/BHHR_PRD/on/demandware.static/-/Sites-INT_EC_COM/default/dwc9266750/images/RIS49A019-M.jpg?sw=400&sfrm=jpeg
Sujetador Gioia Super Push-up en Microfibra,"€ 27,90",4 Colores,https://www.intimissimi.com/dw/image/v2/BHHR_PRD/on/demandware.static/-/Sites-INT_EC_COM/default/dwe2dcdc84/images/RPS50C_wear_001_M.jpg?sw=400&sfrm=png
Sujetador Triangular Tiziana de Algodón,"€ 19,90",14 Colores,https://www.intimissimi.com/dw/image/v2/BHHR_PRD/on/demandware.static/-/Sites-INT_EC_COM/default/dwacb84cc9/images/RIS65T_wear_1467_M.jpg?sw=400&sfrm=png
Sujetador Balconette Sofia de Encaje,"€ 29,90",7 Colores,https://www.intimissimi.com/dw/image/v2/BHHR_PRD/on/demandware.static/-/Sites-INT_EC_COM/default/dw3df433ce/images/RID96S044-M.jpg?sw=400&sfrm=jpeg
Sujetador Balconette Giorgia Romantic Life,"€ 35,90",2 Colores,https://www.intimissimi.com/dw/image/v2/BHHR_PRD/on/demandware.static/-/Sites-INT_EC_COM/default/dwb1f842c2/images/RI2440G1467-M.jpg?sw=400&sfrm=jpeg
Sujetador Triangular Emma de Algodón Natural,"€ 19,90",7 Colores,https://www.intimissimi.com/dw/image/v2/BHHR_PRD/on/demandware.static/-/Sites-INT_EC_COM/default/dw606cee74/images/RSD65E112I-M.jpg?sw=400&sfrm=jpeg
Sujetador Balconette Giorgia de Encaje,"€ 29,90",5 Colores,https://www.intimissimi.com/dw/image/v2/BHHR_PRD/on/demandware.static/-/Sites-INT_EC_COM/default/dw7b187522/images/RID96G2280-M.jpg?sw=400&sfrm=jpeg
Sujetador de Aros Acolchado en Microfibra Sofia,"€ 27,90",6 Colores,https://www.intimissimi.com/dw/image/v2/BHHR_PRD/on/demandware.static/-/Sites-INT_EC_COM/default/dwec563c68/images/RID50H001-M.jpg?sw=400&sfrm=jpeg
Sujetador Balconette Daniela de Encaje,"€ 29,90",5 Colores,https://www.intimissimi.com/dw/image/v2/BHHR_PRD/on/demandware.static/-/Sites-INT_EC_COM/default/dw51127227/images/RBD96N001-M.jpg?sw=400&sfrm=jpeg
Sujetador Balconette Sofia de Encaje,"€ 29,90",7 Colores,https://www.intimissimi.com/dw/image/v2/BHHR_PRD/on/demandware.static/-/Sites-INT_EC_COM/default/dwd735c404/images/RID96S2280-M.jpg?sw=400&sfrm=jpeg
Sujetador Balconette Sofia Sweet Temptation,"€ 35,90",3 Colores,https://www.intimissimi.com/dw/image/v2/BHHR_PRD/on/demandware.static/-/Sites-INT_EC_COM/default/dwec01d287/images/RID1428720I-M.jpg?sw=400&sfrm=jpeg
Sujetador Triangular Tiziana de Algodón,"€ 19,90",14 Colores,https://www.intimissimi.com/dw/image/v2/BHHR_PRD/on/demandware.static/-/Sites-INT_EC_COM/default/dw45ceab15/images/RIS65T741I-M.jpg?sw=400&sfrm=jpeg
Sujetador Bandeau Monica de Microfibra Ultraligera,"€ 29,90",2 Colores,https://www.intimissimi.com/dw/image/v2/BHHR_PRD/on/demandware.static/-/Sites-INT_EC_COM/default/dw33e32aae/images/RIF49M044-M.jpg?sw=400&sfrm=jpeg
Sujetador Balconette Pretty Flowers,"€ 29,90",3 Colores,https://www.intimissimi.com/dw/image/v2/BHHR_PRD/on/demandware.static/-/Sites-INT_EC_COM/default/dw3ced5a6b/images/RB1294B019-M.jpg?sw=400&sfrm=jpeg
Sujetador Triangular Lara de Algodón,"€ 19,90",9 Colores,https://www.intimissimi.com/dw/image/v2/BHHR_PRD/on/demandware.static/-/Sites-INT_EC_COM/default/dweb521239/images/RSD65M_wear_031_M.jpg?sw=400&sfrm=png
Sujetador Triangular Tiziana de Algodón,"€ 19,90",14 Colores,https://www.intimissimi.com/dw/image/v2/BHHR_PRD/on/demandware.static/-/Sites-INT_EC_COM/default/dwa39f4b69/images/RIS65T734I-M.jpg?sw=400&sfrm=jpeg
Sujetador Balconette Elena de Encaje,"€ 29,90",5 Colores,https://www.intimissimi.com/dw/image/v2/BHHR_PRD/on/demandware.static/-/Sites-INT_EC_COM/default/dw4d1ca9e2/images/RID91L_wear_1467_M.jpg?sw=400&sfrm=png
Sujetador Super Push-Up Mia de Seda,"€ 39,90",3 Colores,https://www.intimissimi.com/dw/image/v2/BHHR_PRD/on/demandware.static/-/Sites-INT_EC_COM/default/dwcb762095/images/RPD92S2127-M.jpg?sw=400&sfrm=jpeg
Sujetador Triangular Lara de Microfibra Ultraliger...,"€ 27,90",4 Colores,https://www.intimissimi.com/dw/image/v2/BHHR_PRD/on/demandware.static/-/Sites-INT_EC_COM/default/dw6c7d95bf/images/RSD49M_wear_019_M.jpg?sw=400&sfrm=png
Sujetador Push-Up Monica Charme Fatal,"€ 35,90",,https://www.intimissimi.com/dw/image/v2/BHHR_PRD/on/demandware.static/-/Sites-INT_EC_COM/default/dwde9b2edf/images/RP1374M2127-M.jpg?sw=400&sfrm=jpeg
Sujetador Push-Up Bellissima de Seda,"€ 35,90",4 Colores,https://www.intimissimi.com/dw/image/v2/BHHR_PRD/on/demandware.static/-/Sites-INT_EC_COM/default/dw5290e818/images/RPD92L163I-M.jpg?sw=400&sfrm=jpeg
Sujetador Triangular Emma Invisible Touch,"€ 29,90",3 Colores,https://www.intimissimi.com/dw/image/v2/BHHR_PRD/on/demandware.static/-/Sites-INT_EC_COM/default/dw00e53ce2/images/RSD95E_wear_417I_M.jpg?sw=400&sfrm=png
Sujetador Balconette Sofia Charme Fatal,"€ 35,90",,https://www.intimissimi.com/dw/image/v2/BHHR_PRD/on/demandware.static/-/Sites-INT_EC_COM/default/dw405b1b43/images/RID13742127-M.jpg?sw=400&sfrm=jpeg
Sujetador Triángulo en Microfibra Tiziana,"€ 19,90",5 Colores,https://www.intimissimi.com/dw/image/v2/BHHR_PRD/on/demandware.static/-/Sites-INT_EC_COM/default/dw610c5512/images/RI50T2001-M.jpg?sw=400&sfrm=jpeg
Sujetador Balconette Francesca de Microfibra Ultra...,"€ 29,90",5 Colores,https://www.intimissimi.com/dw/image/v2/BHHR_PRD/on/demandware.static/-/Sites-INT_EC_COM/default/dw015ffa45/images/RID49F_wear_019_M.jpg?sw=400&sfrm=png
Sujetador Triangular Emma de Algodón Natural,"€ 19,90",7 Colores,https://www.intimissimi.com/dw/image/v2/BHHR_PRD/on/demandware.static/-/Sites-INT_EC_COM/default/dw74cf3cee/images/RSD65E616I-M.jpg?sw=400&sfrm=jpeg
Sujetador Banda Gioia,"€ 29,90",6 Colores,https://www.intimissimi.com/dw/image/v2/BHHR_PRD/on/demandware.static/-/Sites-INT_EC_COM/default/dw18258e3a/images/RIF50G2280-M.jpg?sw=400&sfrm=jpeg
Sujetador Balconette Sofia Camou Flower,"€ 29,90",,https://www.intimissimi.com/dw/image/v2/BHHR_PRD/on/demandware.static/-/Sites-INT_EC_COM/default/dw626027ea/images/RID1436727I-M.jpg?sw=400&sfrm=jpeg
Sujetador Triangular Lara Romantic Life,"€ 29,90",2 Colores,https://www.intimissimi.com/dw/image/v2/BHHR_PRD/on/demandware.static/-/Sites-INT_EC_COM/default/dw6a7d6c09/images/RSD2440741I-M.jpg?sw=400&sfrm=jpeg
Sujetador Gioia Super Push-up en Microfibra,"€ 27,90",4 Colores,https://www.intimissimi.com/dw/image/v2/BHHR_PRD/on/demandware.static/-/Sites-INT_EC_COM/default/dwfa5eb1d5/images/RPS50C_wear_044_M.jpg?sw=400&sfrm=png
Sujetador Triangular Emma de Algodón Natural,"€ 19,90",7 Colores,https://www.intimissimi.com/dw/image/v2/BHHR_PRD/on/demandware.static/-/Sites-INT_EC_COM/default/dwd28facd5/images/RSD65E1467-M.jpg?sw=400&sfrm=jpeg
Sujetador Push-Up Fabiola de Encaje,"€ 29,90",2 Colores,https://www.intimissimi.com/dw/image/v2/BHHR_PRD/on/demandware.static/-/Sites-INT_EC_COM/default/dw60057e5c/images/RPS96A2280-M.jpg?sw=400&sfrm=jpeg
Sujetador Bandeau Anna de Microfibra Ultraligera,"€ 29,90",4 Colores,https://www.intimissimi.com/dw/image/v2/BHHR_PRD/on/demandware.static/-/Sites-INT_EC_COM/default/dwa7ba8dc0/images/RIF49N_wear_044_M.jpg?sw=400&sfrm=png
Sujetador Triangular Emma de Seda,"€ 29,90",4 Colores,https://www.intimissimi.com/dw/image/v2/BHHR_PRD/on/demandware.static/-/Sites-INT_EC_COM/default/dw3b9fdb17/images/RSD92E2127-M.jpg?sw=400&sfrm=jpeg
Brasier de Algodón,"€ 19,90",4 Colores,https://www.intimissimi.com/dw/image/v2/BHHR_PRD/on/demandware.static/-/Sites-INT_EC_COM/default/dwf0d54189/images/RSP65B_wear_001_M.jpg?sw=400&sfrm=png
Sujetador Triángulo de Encaje Pretty Flowers,"€ 29,90",5 Colores,https://www.intimissimi.com/dw/image/v2/BHHR_PRD/on/demandware.static/-/Sites-INT_EC_COM/default/dw1f05f79d/images/RSD1294019-M.jpg?sw=400&sfrm=jpeg
Sujetador Triangular de Encaje Tiziana,"€ 27,90",5 Colores,https://www.intimissimi.com/dw/image/v2/BHHR_PRD/on/demandware.static/-/Sites-INT_EC_COM/default/dw909425f8/images/RIS96T2280-M.jpg?sw=400&sfrm=jpeg
Sujetador Push-Up Fabiola Pretty Flower,"€ 35,90",3 Colores,https://www.intimissimi.com/dw/image/v2/BHHR_PRD/on/demandware.static/-/Sites-INT_EC_COM/default/dw9faf5ec2/images/RP1294F_wear_9887_M.jpg?sw=400&sfrm=png
Sujetador Push-Up Fabiola Crafted Lace,"€ 35,90",,https://www.intimissimi.com/dw/image/v2/BHHR_PRD/on/demandware.static/-/Sites-INT_EC_COM/default/dw9b23cb71/images/RPS1429721I-M.jpg?sw=400&sfrm=jpeg
Sujetador Triangular Lara de Algodón,"€ 19,90",9 Colores,https://www.intimissimi.com/dw/image/v2/BHHR_PRD/on/demandware.static/-/Sites-INT_EC_COM/default/dwb8fbf15a/images/RSD65M112I-M.jpg?sw=400&sfrm=jpeg
Brasier con Relleno In Action,"€ 35,90",3 Colores,https://www.intimissimi.com/dw/image/v2/BHHR_PRD/on/demandware.static/-/Sites-INT_EC_COM/default/dwec4ff0a8/images/RSP002A866I-M.jpg?sw=400&sfrm=jpeg
Sujetador Balconette Serena de Microfibra Ultralig...,"€ 25,90",3 Colores,https://www.intimissimi.com/dw/image/v2/BHHR_PRD/on/demandware.static/-/Sites-INT_EC_COM/default/dwfa35aab4/images/RBD49S_wear_044_M.jpg?sw=400&sfrm=png
Sujetador Push-Up Bellissima de Seda,"€ 35,90",4 Colores,https://www.intimissimi.com/dw/image/v2/BHHR_PRD/on/demandware.static/-/Sites-INT_EC_COM/default/dw061f0f8a/images/RPD92L2127-M.jpg?sw=400&sfrm=jpeg
Sujetador Super Push-Up Gioia de Encaje,"€ 29,90",4 Colores,https://www.intimissimi.com/dw/image/v2/BHHR_PRD/on/demandware.static/-/Sites-INT_EC_COM/default/dw4c60e3fa/images/RPS96G1467-M.jpg?sw=400&sfrm=jpeg
Sujetador Balconette Mina de Encaje,"€ 39,90",,https://www.intimissimi.com/dw/image/v2/BHHR_PRD/on/demandware.static/-/Sites-INT_EC_COM/default/dw142faf71/images/RID90A_wear_1473_M.jpg?sw=400&sfrm=png
Sujetador Balconette Elena de Encaje,"€ 29,90",5 Colores,https://www.intimissimi.com/dw/image/v2/BHHR_PRD/on/demandware.static/-/Sites-INT_EC_COM/default/dw2ee553f7/images/RID91L_wear_019_M.jpg?sw=400&sfrm=png
Sujetador Bandeau con Relleno Forever Macramè,"€ 35,90",2 Colores,https://www.intimissimi.com/dw/image/v2/BHHR_PRD/on/demandware.static/-/Sites-INT_EC_COM/default/dw7175aac8/images/RID1433019-M.jpg?sw=400&sfrm=jpeg
Sujetador Push-Up Bellissima Pretty Flowers,"€ 29,90",4 Colores,https://www.intimissimi.com/dw/image/v2/BHHR_PRD/on/demandware.static/-/Sites-INT_EC_COM/default/dw50a960e6/images/RPD1294019-M.jpg?sw=400&sfrm=jpeg
Sujetador Push-Up Bellissima Made in Heaven,"€ 29,90",,https://www.intimissimi.com/dw/image/v2/BHHR_PRD/on/demandware.static/-/Sites-INT_EC_COM/default/dw3accb1e6/images/RPD1430730I-M.jpg?sw=400&sfrm=jpeg
Sujetador Balconette Daniela de Encaje,"€ 29,90",4 Colores,https://www.intimissimi.com/dw/image/v2/BHHR_PRD/on/demandware.static/-/Sites-INT_EC_COM/default/dw0566a6f4/images/RBD91N_wear_019_M.jpg?sw=400&sfrm=png
Sujetador Balconette Crafted Lace,"€ 29,90",,https://www.intimissimi.com/dw/image/v2/BHHR_PRD/on/demandware.static/-/Sites-INT_EC_COM/default/dwcb479196/images/RID1429721I-M.jpg?sw=400&sfrm=jpeg
Sujetador Push-up Bellissima de Encaje,"€ 25,90",5 Colores,https://www.intimissimi.com/dw/image/v2/BHHR_PRD/on/demandware.static/-/Sites-INT_EC_COM/default/dw86f4d874/images/RPD91L1467-M.jpg?sw=400&sfrm=jpeg
Sujetador Push-up Bellissima de Encaje,"€ 25,90",5 Colores,https://www.intimissimi.com/dw/image/v2/BHHR_PRD/on/demandware.static/-/Sites-INT_EC_COM/default/dwbc372411/images/RPD91L001-M.jpg?sw=400&sfrm=jpeg
Sujetador Triángulo de Encaje Pretty Flowers,"€ 29,90",5 Colores,https://www.intimissimi.com/dw/image/v2/BHHR_PRD/on/demandware.static/-/Sites-INT_EC_COM/default/dwd08053db/images/RSD12949887-M.jpg?sw=400&sfrm=jpeg
Sujetador Bandeau Giada de Microfibra,"€ 29,90",5 Colores,https://www.intimissimi.com/dw/image/v2/BHHR_PRD/on/demandware.static/-/Sites-INT_EC_COM/default/dwd712f3cd/images/RIF49A001-M.jpg?sw=400&sfrm=jpeg
Sujetador Balconette Sofia The Flower Girl,"€ 35,90",2 Colores,https://www.intimissimi.com/dw/image/v2/BHHR_PRD/on/demandware.static/-/Sites-INT_EC_COM/default/dw33a0a70d/images/RID14325497-M.jpg?sw=400&sfrm=jpeg
Sujetador Triangular Tiziana de Algodón,"€ 19,90",14 Colores,https://www.intimissimi.com/dw/image/v2/BHHR_PRD/on/demandware.static/-/Sites-INT_EC_COM/default/dwf3db7423/images/RIS65T112I-M.jpg?sw=400&sfrm=jpeg
Sujetador Balconette Giorgia Sweet Temptation,"€ 35,90",3 Colores,https://www.intimissimi.com/dw/image/v2/BHHR_PRD/on/demandware.static/-/Sites-INT_EC_COM/default/dwa4f1125c/images/RI1428G019-M.jpg?sw=400&sfrm=jpeg
Sujetador Super Push-Up Gioia Pretty Flowers,"€ 35,90",5 Colores,https://www.intimissimi.com/dw/image/v2/BHHR_PRD/on/demandware.static/-/Sites-INT_EC_COM/default/dw50803668/images/RPS1294347I-M.jpg?sw=400&sfrm=jpeg
Sujetador Push-Up Monica The Flower Girl,"€ 35,90",,https://www.intimissimi.com/dw/image/v2/BHHR_PRD/on/demandware.static/-/Sites-INT_EC_COM/default/dw6c3d05f7/images/RP1432M725I-M.jpg?sw=400&sfrm=jpeg
Sujetador Balconette Daniela de Encaje,"€ 29,90",4 Colores,https://www.intimissimi.com/dw/image/v2/BHHR_PRD/on/demandware.static/-/Sites-INT_EC_COM/default/dw847940e7/images/RBD91N_wear_2280_M.jpg?sw=400&sfrm=png
Sujetador Balconette Pretty Flowers,"€ 29,90",3 Colores,https://www.intimissimi.com/dw/image/v2/BHHR_PRD/on/demandware.static/-/Sites-INT_EC_COM/default/dw711821d9/images/RB1294B735I-M.jpg?sw=400&sfrm=jpeg
Sujetador Balconette Sofia Made in Heaven,"€ 35,90",,https://www.intimissimi.com/dw/image/v2/BHHR_PRD/on/demandware.static/-/Sites-INT_EC_COM/default/dw3c8bbf5b/images/RID1430730I-M.jpg?sw=400&sfrm=jpeg
Sujetador Bandeau Monica de Microfibra Ultraligera,"€ 29,90",2 Colores,https://www.intimissimi.com/dw/image/v2/BHHR_PRD/on/demandware.static/-/Sites-INT_EC_COM/default/dwb36d6a88/images/RIF49M_wear_019_M.jpg?sw=400&sfrm=png
Brasier con Relleno In Action,"€ 35,90",3 Colores,https://www.intimissimi.com/dw/image/v2/BHHR_PRD/on/demandware.static/-/Sites-INT_EC_COM/default/dw77f816e2/images/RSP002A_wear_733I_M.jpg?sw=400&sfrm=png
Sujetador Super Push-Up Gioia de Encaje,"€ 29,90",4 Colores,https://www.intimissimi.com/dw/image/v2/BHHR_PRD/on/demandware.static/-/Sites-INT_EC_COM/default/dwd349b2a6/images/RPS91G_wear_2280_M.jpg?sw=400&sfrm=png
Sujetador Bandeau con Relleno Forever Macramè,"€ 35,90",2 Colores,https://www.intimissimi.com/dw/image/v2/BHHR_PRD/on/demandware.static/-/Sites-INT_EC_COM/default/dwa8f7adae/images/RID1433001-M.jpg?sw=400&sfrm=jpeg
Sujetador Balconette Greta de Algodón,"€ 19,90",5 Colores,https://www.intimissimi.com/dw/image/v2/BHHR_PRD/on/demandware.static/-/Sites-INT_EC_COM/default/dwd8b9b32c/images/RBD65A1467-M.jpg?sw=400&sfrm=jpeg
Sujetador Push-up Bellissima de Encaje,"€ 25,90",5 Colores,https://www.intimissimi.com/dw/image/v2/BHHR_PRD/on/demandware.static/-/Sites-INT_EC_COM/default/dwe8e5ca78/images/RPD91L044-M.jpg?sw=400&sfrm=jpeg
Sujetador Super Push-up Mia de Encaje,"€ 29,90",3 Colores,https://www.intimissimi.com/dw/image/v2/BHHR_PRD/on/demandware.static/-/Sites-INT_EC_COM/default/dwde84af54/images/RPD91S_wear_1473_M.jpg?sw=400&sfrm=png
Sujetador Push-Up Bellissima de Encaje,"€ 25,90",5 Colores,https://www.intimissimi.com/dw/image/v2/BHHR_PRD/on/demandware.static/-/Sites-INT_EC_COM/default/dw76c1ada6/images/RPD96L044-M.jpg?sw=400&sfrm=jpeg
Sujetador Triangular Lara de Encaje,"€ 25,90",5 Colores,https://www.intimissimi.com/dw/image/v2/BHHR_PRD/on/demandware.static/-/Sites-INT_EC_COM/default/dw4709e2d7/images/RSD96M001-M.jpg?sw=400&sfrm=jpeg
Sujetador Triangular Sweet Temptation,"€ 29,90",2 Colores,https://www.intimissimi.com/dw/image/v2/BHHR_PRD/on/demandware.static/-/Sites-INT_EC_COM/default/dw7d1ffd01/images/RSD1428720I-M.jpg?sw=400&sfrm=jpeg
Sujetador Triangular Tiziana Silhouette D'Amour,"€ 29,90",2 Colores,https://www.intimissimi.com/dw/image/v2/BHHR_PRD/on/demandware.static/-/Sites-INT_EC_COM/default/dw28176366/images/RIS24429888-M.jpg?sw=400&sfrm=jpeg
Sujetador Triangular Tiziana de Algodón,"€ 19,90",14 Colores,https://www.intimissimi.com/dw/image/v2/BHHR_PRD/on/demandware.static/-/Sites-INT_EC_COM/default/dw49c047ee/images/RIS65T729I-M.jpg?sw=400&sfrm=jpeg
Sujetador Triangular Emma de Seda,"€ 29,90",4 Colores,https://www.intimissimi.com/dw/image/v2/BHHR_PRD/on/demandware.static/-/Sites-INT_EC_COM/default/dw0105a092/images/RSD92E163I-M.jpg?sw=400&sfrm=jpeg
Sujetador Bellissima Push-Up de Algodón,"€ 19,90",5 Colores,https://www.intimissimi.com/dw/image/v2/BHHR_PRD/on/demandware.static/-/Sites-INT_EC_COM/default/dw0b4956e7/images/RPD65C001-M.jpg?sw=400&sfrm=jpeg
Sujetador Balconette Giorgia de Encaje,"€ 29,90",5 Colores,https://www.intimissimi.com/dw/image/v2/BHHR_PRD/on/demandware.static/-/Sites-INT_EC_COM/default/dw444390c0/images/RID91G019-M.jpg?sw=400&sfrm=jpeg
Sujetador Balconette Elena de Encaje,"€ 29,90",5 Colores,https://www.intimissimi.com/dw/image/v2/BHHR_PRD/on/demandware.static/-/Sites-INT_EC_COM/default/dw7c85f6cf/images/RID91L_wear_044_M.jpg?sw=400&sfrm=png
Sujetador Triangular Lara de Encaje,"€ 25,90",5 Colores,https://www.intimissimi.com/dw/image/v2/BHHR_PRD/on/demandware.static/-/Sites-INT_EC_COM/default/dw2a8534ac/images/RSD96M019-M.jpg?sw=400&sfrm=jpeg
Sujetador Balconette Giorgia de Encaje,"€ 29,90",5 Colores,https://www.intimissimi.com/dw/image/v2/BHHR_PRD/on/demandware.static/-/Sites-INT_EC_COM/default/dw7e12c543/images/RID91G2280-M.jpg?sw=400&sfrm=jpeg
Sujetador Gioia Super Push-Up de Microfibra,"€ 27,90",4 Colores,https://www.intimissimi.com/dw/image/v2/BHHR_PRD/on/demandware.static/-/Sites-INT_EC_COM/default/dw090983d9/images/RPS50B2280-M.jpg?sw=400&sfrm=jpeg
Sujetador Triangular de Encaje Tiziana,"€ 27,90",6 Colores,https://www.intimissimi.com/dw/image/v2/BHHR_PRD/on/demandware.static/-/Sites-INT_EC_COM/default/dwf3d6c16b/images/RIS91T_wear_019_M.jpg?sw=400&sfrm=png
Sujetador Balconette Sofia de Encaje,"€ 29,90",6 Colores,https://www.intimissimi.com/dw/image/v2/BHHR_PRD/on/demandware.static/-/Sites-INT_EC_COM/default/dw8e79cc53/images/RID91S_wear_2280_M.jpg?sw=400&sfrm=png
Sujetador Balconette Sofia de Encaje,"€ 29,90",6 Colores,https://www.intimissimi.com/dw/image/v2/BHHR_PRD/on/demandware.static/-/Sites-INT_EC_COM/default/dw54179df7/images/RID91S_wear_1467_M.jpg?sw=400&sfrm=png
Sujetador Triangular de Encaje Tiziana,"€ 27,90",6 Colores,https://www.intimissimi.com/dw/image/v2/BHHR_PRD/on/demandware.static/-/Sites-INT_EC_COM/default/dw4e6c8b3d/images/RIS91T_wear_044_M.jpg?sw=400&sfrm=png
Sujetador Triangular Lara de Encaje,"€ 25,90",5 Colores,https://www.intimissimi.com/dw/image/v2/BHHR_PRD/on/demandware.static/-/Sites-INT_EC_COM/default/dw08fef90f/images/RSD96M1467-M.jpg?sw=400&sfrm=jpeg
Sujetador Triangular Emma de Algodón Natural,"€ 19,90",7 Colores,https://www.intimissimi.com/dw/image/v2/BHHR_PRD/on/demandware.static/-/Sites-INT_EC_COM/default/dw4b7cfb46/images/RSD65E_wear_001_M.jpg?sw=400&sfrm=png
Sujetador Triangular de Encaje Tiziana,"€ 27,90",5 Colores,https://www.intimissimi.com/dw/image/v2/BHHR_PRD/on/demandware.static/-/Sites-INT_EC_COM/default/dwf9e7d408/images/RIS96T001-M.jpg?sw=400&sfrm=jpeg
Brasier In Action,"€ 35,90",2 Colores,https://www.intimissimi.com/dw/image/v2/BHHR_PRD/on/demandware.static/-/Sites-INT_EC_COM/default/dw1602ec9b/images/RSP002B_wear_733I_M.jpg?sw=400&sfrm=png
Sujetador Banda Gioia,"€ 29,90",6 Colores,https://www.intimissimi.com/dw/image/v2/BHHR_PRD/on/demandware.static/-/Sites-INT_EC_COM/default/dw053ab8a1/images/RIF50G417I-M.jpg?sw=400&sfrm=jpeg
Sujetador Balconette Sofia Pretty Flowers,"€ 39,90",5 Colores,https://www.intimissimi.com/dw/image/v2/BHHR_PRD/on/demandware.static/-/Sites-INT_EC_COM/default/dw95532c90/images/RI1294S_wear_9887_M.jpg?sw=400&sfrm=png
Sujetador Triangular Emma de Encaje,"€ 25,90",3 Colores,https://www.intimissimi.com/dw/image/v2/BHHR_PRD/on/demandware.static/-/Sites-INT_EC_COM/default/dwebb98b8a/images/RSD96E2280-M.jpg?sw=400&sfrm=jpeg
Sujetador Balconette Serena de Microfibra Ultralig...,"€ 25,90",3 Colores,https://www.intimissimi.com/dw/image/v2/BHHR_PRD/on/demandware.static/-/Sites-INT_EC_COM/default/dwf88752e6/images/RBD49S_wear_001_M.jpg?sw=400&sfrm=png
Sujetador Triangular Emma de Algodón Natural,"€ 19,90",7 Colores,https://www.intimissimi.com/dw/image/v2/BHHR_PRD/on/demandware.static/-/Sites-INT_EC_COM/default/dw79386bf4/images/RSD65E_wear_044_M.jpg?sw=400&sfrm=png
Sujetador Triangular Lara de Encaje,"€ 25,90",5 Colores,https://www.intimissimi.com/dw/image/v2/BHHR_PRD/on/demandware.static/-/Sites-INT_EC_COM/default/dw73e84693/images/RSD96M1473-M.jpg?sw=400&sfrm=jpeg
Sujetador Triangular Lara Romantic Life,"€ 29,90",2 Colores,https://www.intimissimi.com/dw/image/v2/BHHR_PRD/on/demandware.static/-/Sites-INT_EC_COM/default/dw91eb4434/images/RSD24401467-M.jpg?sw=400&sfrm=jpeg
Sujetador Balconette Irina de Encaje,"€ 29,90",2 Colores,https://www.intimissimi.com/dw/image/v2/BHHR_PRD/on/demandware.static/-/Sites-INT_EC_COM/default/dwdce4060d/images/RID96I019-M.jpg?sw=400&sfrm=jpeg
Sujetador Triangular Lara de Microfibra Ultraliger...,"€ 27,90",4 Colores,https://www.intimissimi.com/dw/image/v2/BHHR_PRD/on/demandware.static/-/Sites-INT_EC_COM/default/dw8fe441e7/images/RSD49M_wear_044_M.jpg?sw=400&sfrm=png
Sujetador Triangular Lara de Encaje,"€ 25,90",5 Colores,https://www.intimissimi.com/dw/image/v2/BHHR_PRD/on/demandware.static/-/Sites-INT_EC_COM/default/dw5bbd4b24/images/RSD96M2280-M.jpg?sw=400&sfrm=jpeg
Sujetador de Triángulo de Seda y Encaje Tiziana,"€ 35,90",4 Colores,https://www.intimissimi.com/dw/image/v2/BHHR_PRD/on/demandware.static/-/Sites-INT_EC_COM/default/dwc6541860/images/RIS92T1467-M.jpg?sw=400&sfrm=jpeg
Sujetador Triangular de Encaje Tiziana,"€ 27,90",6 Colores,https://www.intimissimi.com/dw/image/v2/BHHR_PRD/on/demandware.static/-/Sites-INT_EC_COM/default/dwbaa07899/images/RIS91T_wear_1467_M.jpg?sw=400&sfrm=png
Sujetador Super Push-Up en Microfibra Simona,"€ 25,90",4 Colores,https://www.intimissimi.com/dw/image/v2/BHHR_PRD/on/demandware.static/-/Sites-INT_EC_COM/default/dwf284731c/images/RPD50S001-M.jpg?sw=400&sfrm=jpeg
Brasier de Algodón,"€ 19,90",4 Colores,https://www.intimissimi.com/dw/image/v2/BHHR_PRD/on/demandware.static/-/Sites-INT_EC_COM/default/dw58dc63d4/images/RSP65B_wear_019_M.jpg?sw=400&sfrm=png
Brasier con Cremallera In Action con Interior de A...,"€ 39,90",3 Colores,https://www.intimissimi.com/dw/image/v2/BHHR_PRD/on/demandware.static/-/Sites-INT_EC_COM/default/dw9fd4b1f6/images/RSP001Z_wear_732I_M.jpg?sw=400&sfrm=png
Sujetador Bandeau Anna de Microfibra Ultraligera,"€ 29,90",4 Colores,https://www.intimissimi.com/dw/image/v2/BHHR_PRD/on/demandware.static/-/Sites-INT_EC_COM/default/dw95bd7dca/images/RIF49N019-M.jpg?sw=400&sfrm=jpeg
Sujetador Balconette Sofia Ethereal Femininity,"€ 35,90",,https://www.intimissimi.com/dw/image/v2/BHHR_PRD/on/demandware.static/-/Sites-INT_EC_COM/default/dwc03200bb/images/RID1437728I-M.jpg?sw=400&sfrm=jpeg
Sujetador Balconette Greta de Algodón,"€ 19,90",5 Colores,https://www.intimissimi.com/dw/image/v2/BHHR_PRD/on/demandware.static/-/Sites-INT_EC_COM/default/dw94dcbbd2/images/RBD65A_wear_001_M.jpg?sw=400&sfrm=png
Sujetador Balconette Daniela Pretty Flowers,"€ 29,90",2 Colores,https://www.intimissimi.com/dw/image/v2/BHHR_PRD/on/demandware.static/-/Sites-INT_EC_COM/default/dw74b390b1/images/RBD12949887-M.jpg?sw=400&sfrm=jpeg
Sujetador Triangular Emma de Encaje,"€ 25,90",3 Colores,https://www.intimissimi.com/dw/image/v2/BHHR_PRD/on/demandware.static/-/Sites-INT_EC_COM/default/dwcc4f4137/images/RSD96E001-M.jpg?sw=400&sfrm=jpeg
Sujetador Bandeau Giada de Microfibra,"€ 29,90",5 Colores,https://www.intimissimi.com/dw/image/v2/BHHR_PRD/on/demandware.static/-/Sites-INT_EC_COM/default/dw5d10d175/images/RIF49A044-M.jpg?sw=400&sfrm=jpeg
Sujetador Triangular Emma de Algodón Natural,"€ 19,90",7 Colores,https://www.intimissimi.com/dw/image/v2/BHHR_PRD/on/demandware.static/-/Sites-INT_EC_COM/default/dwaba4cf52/images/RSD65E_wear_031_M.jpg?sw=400&sfrm=png
Sujetador Push-Up Monica Sexy Dot Com,"€ 35,90",,https://www.intimissimi.com/dw/image/v2/BHHR_PRD/on/demandware.static/-/Sites-INT_EC_COM/default/dwd232349a/images/RP2443M019-M.jpg?sw=400&sfrm=jpeg
Sujetador Push-Up Fabiola de Encaje,"€ 29,90",2 Colores,https://www.intimissimi.com/dw/image/v2/BHHR_PRD/on/demandware.static/-/Sites-INT_EC_COM/default/dwe8a930f7/images/RPS91A_wear_019_M.jpg?sw=400&sfrm=png
Sujetador Balconette Greta de Algodón,"€ 19,90",5 Colores,https://www.intimissimi.com/dw/image/v2/BHHR_PRD/on/demandware.static/-/Sites-INT_EC_COM/default/dwaf8e5bf6/images/RBD65A_wear_031_M.jpg?sw=400&sfrm=png
Sujetador Push-Up Fabiola Lacey Lovely,"€ 35,90",,https://www.intimissimi.com/dw/image/v2/BHHR_PRD/on/demandware.static/-/Sites-INT_EC_COM/default/dwb8f420bb/images/RPS1431019-M.jpg?sw=400&sfrm=jpeg
Sujetador Balconette Giulia Sheer Delight,"€ 29,90",,https://www.intimissimi.com/dw/image/v2/BHHR_PRD/on/demandware.static/-/Sites-INT_EC_COM/default/dw6a18a2f0/images/RBD2439019-M.jpg?sw=400&sfrm=jpeg
Sujetador Triangular Lara de Algodón,"€ 19,90",9 Colores,https://www.intimissimi.com/dw/image/v2/BHHR_PRD/on/demandware.static/-/Sites-INT_EC_COM/default/dwd7b16c9a/images/RSD65M_wear_616I_M.jpg?sw=400&sfrm=png
Sujetador Balconette Giorgia de Encaje,"€ 29,90",5 Colores,https://www.intimissimi.com/dw/image/v2/BHHR_PRD/on/demandware.static/-/Sites-INT_EC_COM/default/dw8ad6f3c5/images/RID96G019-M.jpg?sw=400&sfrm=jpeg
Sujetador Super Push-Up en Microfibra Simona,"€ 25,90",4 Colores,https://www.intimissimi.com/dw/image/v2/BHHR_PRD/on/demandware.static/-/Sites-INT_EC_COM/default/dwb0e8b70e/images/RPD50S2280-M.jpg?sw=400&sfrm=jpeg
Sujetador Triangular de Encaje Tiziana,"€ 27,90",6 Colores,https://www.intimissimi.com/dw/image/v2/BHHR_PRD/on/demandware.static/-/Sites-INT_EC_COM/default/dwaf14c037/images/RIS91T_wear_001_M.jpg?sw=400&sfrm=png
Sujetador Push-Up Bellissima de Seda,"€ 35,90",4 Colores,https://www.intimissimi.com/dw/image/v2/BHHR_PRD/on/demandware.static/-/Sites-INT_EC_COM/default/dwb9216384/images/RPD92L1467-M.jpg?sw=400&sfrm=jpeg
Sujetador Push-Up Fabiola de Encaje,"€ 29,90",2 Colores,https://www.intimissimi.com/dw/image/v2/BHHR_PRD/on/demandware.static/-/Sites-INT_EC_COM/default/dwf0718f27/images/RPS96A019-M.jpg?sw=400&sfrm=jpeg
Sujetador Triángulo de Encaje Pretty Flowers,"€ 29,90",5 Colores,https://www.intimissimi.com/dw/image/v2/BHHR_PRD/on/demandware.static/-/Sites-INT_EC_COM/default/dw4ecfb90f/images/RSD1294347I-M.jpg?sw=400&sfrm=jpeg
Sujetador Super Push-up Mia de Encaje,"€ 29,90",3 Colores,https://www.intimissimi.com/dw/image/v2/BHHR_PRD/on/demandware.static/-/Sites-INT_EC_COM/default/dw6ae6a8e9/images/RPD91S2280-M.jpg?sw=400&sfrm=jpeg
Sujetador Balconette Eleonora de Encaje,"€ 35,90",2 Colores,https://www.intimissimi.com/dw/image/v2/BHHR_PRD/on/demandware.static/-/Sites-INT_EC_COM/default/dw4e4bf064/images/RID91T019-M.jpg?sw=400&sfrm=jpeg
Brasier de Algodón,"€ 19,90",4 Colores,https://www.intimissimi.com/dw/image/v2/BHHR_PRD/on/demandware.static/-/Sites-INT_EC_COM/default/dw8fb7da5f/images/RSP65B_wear_031_M.jpg?sw=400&sfrm=png
Sujetador Balconette Sofia de Encaje,"€ 29,90",7 Colores,https://www.intimissimi.com/dw/image/v2/BHHR_PRD/on/demandware.static/-/Sites-INT_EC_COM/default/dw3bce4cd9/images/RID96S1473-M.jpg?sw=400&sfrm=jpeg
Sujetador Balconette Giorgia de Encaje,"€ 29,90",5 Colores,https://www.intimissimi.com/dw/image/v2/BHHR_PRD/on/demandware.static/-/Sites-INT_EC_COM/default/dw48150137/images/RID91G1473-M.jpg?sw=400&sfrm=jpeg
Sujetador Super Push-Up Elettra de Encaje,"€ 29,90",3 Colores,https://www.intimissimi.com/dw/image/v2/BHHR_PRD/on/demandware.static/-/Sites-INT_EC_COM/default/dw1b4ccc83/images/RPD96S2280-M.jpg?sw=400&sfrm=jpeg
Sujetador Balconette The Flower Girl,"€ 29,90",2 Colores,https://www.intimissimi.com/dw/image/v2/BHHR_PRD/on/demandware.static/-/Sites-INT_EC_COM/default/dw2acd45b1/images/RBD14325497-M.jpg?sw=400&sfrm=jpeg
Sujetador Push-Up Bellissima Pretty Flowers,"€ 29,90",4 Colores,https://www.intimissimi.com/dw/image/v2/BHHR_PRD/on/demandware.static/-/Sites-INT_EC_COM/default/dwcd5f07c1/images/RPD12949887-M.jpg?sw=400&sfrm=jpeg
Sujetador Super Push-Up Mia de Seda,"€ 39,90",3 Colores,https://www.intimissimi.com/dw/image/v2/BHHR_PRD/on/demandware.static/-/Sites-INT_EC_COM/default/dwbc60d177/images/RPD92S163I-M.jpg?sw=400&sfrm=jpeg
Sujetador Balconette Elena The Flower Girl,"€ 29,90",2 Colores,https://www.intimissimi.com/dw/image/v2/BHHR_PRD/on/demandware.static/-/Sites-INT_EC_COM/default/dw58105aa2/images/RI1432L5497-M.jpg?sw=400&sfrm=jpeg
Sujetador Balconette Lacey Lovely,"€ 29,90",,https://www.intimissimi.com/dw/image/v2/BHHR_PRD/on/demandware.static/-/Sites-INT_EC_COM/default/dw043b322d/images/RBD1431019-M.jpg?sw=400&sfrm=jpeg
Sujetador Bandeau Ilaria de Microfibra,"€ 19,90",3 Colores,https://www.intimissimi.com/dw/image/v2/BHHR_PRD/on/demandware.static/-/Sites-INT_EC_COM/default/dw11d03c07/images/RSP50B019-M.jpg?sw=400&sfrm=jpeg
Sujetador Balconette Sveva Invisible Touch,"€ 29,90",3 Colores,https://www.intimissimi.com/dw/image/v2/BHHR_PRD/on/demandware.static/-/Sites-INT_EC_COM/default/dw338e961a/images/RBD95A417I-M.jpg?sw=400&sfrm=jpeg
Sujetador Balconette Sofia de Encaje,"€ 29,90",6 Colores,https://www.intimissimi.com/dw/image/v2/BHHR_PRD/on/demandware.static/-/Sites-INT_EC_COM/default/dwfae9cea0/images/RID91S_wear_1473_M.jpg?sw=400&sfrm=png
Sujetador Balconette Francesca de Microfibra Ultra...,"€ 29,90",5 Colores,https://www.intimissimi.com/dw/image/v2/BHHR_PRD/on/demandware.static/-/Sites-INT_EC_COM/default/dw81baf904/images/RID49F_wear_001_M.jpg?sw=400&sfrm=png
Sujetador Triangular Tiziana de Algodón,"€ 19,90",14 Colores,https://www.intimissimi.com/dw/image/v2/BHHR_PRD/on/demandware.static/-/Sites-INT_EC_COM/default/dwb5e860c4/images/RIS65T740I-M.jpg?sw=400&sfrm=jpeg
Sujetador Balconette Irina Something Lacy,"€ 35,90",,https://www.intimissimi.com/dw/image/v2/BHHR_PRD/on/demandware.static/-/Sites-INT_EC_COM/default/dw2acef380/images/RI1411I_wear_9888_M.jpg?sw=400&sfrm=png
Sujetador Triangular Lara Invisible Touch,"€ 29,90",3 Colores,https://www.intimissimi.com/dw/image/v2/BHHR_PRD/on/demandware.static/-/Sites-INT_EC_COM/default/dw0a1a1e42/images/RSD95M417I-M.jpg?sw=400&sfrm=jpeg
Sujetador de Aros Acolchado en Microfibra Sofia,"€ 27,90",6 Colores,https://www.intimissimi.com/dw/image/v2/BHHR_PRD/on/demandware.static/-/Sites-INT_EC_COM/default/dwfded8610/images/RID50H_wear_502I_M.jpg?sw=400&sfrm=png
Sujetador Triangular Tiziana Pretty Flower,"€ 29,90",3 Colores,https://www.intimissimi.com/dw/image/v2/BHHR_PRD/on/demandware.static/-/Sites-INT_EC_COM/default/dw0d149937/images/RIS1294_wear_9887_M.jpg?sw=400&sfrm=png
Sujetador Push-Up Multifunción Silvia de Microfibr...,"€ 27,90",3 Colores,https://www.intimissimi.com/dw/image/v2/BHHR_PRD/on/demandware.static/-/Sites-INT_EC_COM/default/dwe1416b9b/images/RPD50V044-M.jpg?sw=400&sfrm=jpeg
Sujetador Super Push-Up Gioia de Encaje,"€ 29,90",4 Colores,https://www.intimissimi.com/dw/image/v2/BHHR_PRD/on/demandware.static/-/Sites-INT_EC_COM/default/dwd0b50050/images/RPS96G2280-M.jpg?sw=400&sfrm=jpeg
Sujetador Triangular Adele en Microfibra Ultralige...,"€ 29,90",3 Colores,https://www.intimissimi.com/dw/image/v2/BHHR_PRD/on/demandware.static/-/Sites-INT_EC_COM/default/dw193b6d92/images/RIS49A2280-M.jpg?sw=400&sfrm=jpeg
Sujetador Push-Up Multifunción Silvia de Microfibr...,"€ 27,90",3 Colores,https://www.intimissimi.com/dw/image/v2/BHHR_PRD/on/demandware.static/-/Sites-INT_EC_COM/default/dwd76683c9/images/RPD50V019-M.jpg?sw=400&sfrm=jpeg
Sujetador Bellissima Push-Up de Algodón Copa B,"€ 19,90",5 Colores,https://www.intimissimi.com/dw/image/v2/BHHR_PRD/on/demandware.static/-/Sites-INT_EC_COM/default/dw420138e5/images/RPD65B_wear_031_M.jpg?sw=400&sfrm=png
Sujetador Super Push-Up Gioia de Microfibra,"€ 27,90",4 Colores,https://www.intimissimi.com/dw/image/v2/BHHR_PRD/on/demandware.static/-/Sites-INT_EC_COM/default/dw037c9229/images/RPS50G019-M.jpg?sw=400&sfrm=jpeg
Brasier con Relleno In Action,"€ 35,90",3 Colores,https://www.intimissimi.com/dw/image/v2/BHHR_PRD/on/demandware.static/-/Sites-INT_EC_COM/default/dw7b42ba00/images/RSP002A_wear_019_M.jpg?sw=400&sfrm=png
Sujetador Triangular Tiziana de Algodón,"€ 19,90",14 Colores,https://www.intimissimi.com/dw/image/v2/BHHR_PRD/on/demandware.static/-/Sites-INT_EC_COM/default/dw6c78b789/images/RIS65T720I-M.jpg?sw=400&sfrm=jpeg
Sujetador Bandeau Daila de Microfibra Ultraligera,"€ 29,90",4 Colores,https://www.intimissimi.com/dw/image/v2/BHHR_PRD/on/demandware.static/-/Sites-INT_EC_COM/default/dw4e74cb5f/images/RIF49B_wear_044_M.jpg?sw=400&sfrm=png
Sujetador Triangular Charme Fatal,"€ 29,90",,https://www.intimissimi.com/dw/image/v2/BHHR_PRD/on/demandware.static/-/Sites-INT_EC_COM/default/dw72f49d8f/images/RSD13742127-M.jpg?sw=400&sfrm=jpeg
Sujetador Balconette Elena Camou Flower,"€ 29,90",,https://www.intimissimi.com/dw/image/v2/BHHR_PRD/on/demandware.static/-/Sites-INT_EC_COM/default/dw2e35f054/images/RI1436L727I-M.jpg?sw=400&sfrm=jpeg
Sujetador Balconette Sofia de Encaje,"€ 29,90",6 Colores,https://www.intimissimi.com/dw/image/v2/BHHR_PRD/on/demandware.static/-/Sites-INT_EC_COM/default/dw8b68d37d/images/RID91S_wear_019_M.jpg?sw=400&sfrm=png
Sujetador Bandeau Ilaria de Microfibra,"€ 19,90",3 Colores,https://www.intimissimi.com/dw/image/v2/BHHR_PRD/on/demandware.static/-/Sites-INT_EC_COM/default/dw9a891f99/images/RSP50B_wear_001_M.jpg?sw=400&sfrm=png
Sujetador Triangular Emma de Encaje,"€ 25,90",,https://www.intimissimi.com/dw/image/v2/BHHR_PRD/on/demandware.static/-/Sites-INT_EC_COM/default/dw84c44a3e/images/RSD91E2280-M.jpg?sw=400&sfrm=jpeg
Sujetador Balconette Giorgia de Encaje,"€ 29,90",5 Colores,https://www.intimissimi.com/dw/image/v2/BHHR_PRD/on/demandware.static/-/Sites-INT_EC_COM/default/dw1309c853/images/RID91G044-M.jpg?sw=400&sfrm=jpeg
Sujetador Laura Banda en Microfibra,"€ 29,90",5 Colores,https://www.intimissimi.com/dw/image/v2/BHHR_PRD/on/demandware.static/-/Sites-INT_EC_COM/default/dw9ffd2637/images/RIF50B2280-M.jpg?sw=400&sfrm=jpeg
Sujetador Balconette Giorgia Sweet Temptation,"€ 35,90",3 Colores,https://www.intimissimi.com/dw/image/v2/BHHR_PRD/on/demandware.static/-/Sites-INT_EC_COM/default/dw3bdecb2a/images/RI1428G720I-M.jpg?sw=400&sfrm=jpeg
Sujetador Balconette Daniela Animal Vibes,"€ 29,90",,https://www.intimissimi.com/dw/image/v2/BHHR_PRD/on/demandware.static/-/Sites-INT_EC_COM/default/dwe1f4f85a/images/RBD2438832I-M.jpg?sw=400&sfrm=jpeg
Sujetador Balconette Daniela de Encaje,"€ 29,90",4 Colores,https://www.intimissimi.com/dw/image/v2/BHHR_PRD/on/demandware.static/-/Sites-INT_EC_COM/default/dw062b7c0f/images/RBD91N_wear_1467_M.jpg?sw=400&sfrm=png
Sujetador Laura Banda en Microfibra,"€ 29,90",5 Colores,https://www.intimissimi.com/dw/image/v2/BHHR_PRD/on/demandware.static/-/Sites-INT_EC_COM/default/dw26b2da48/images/RIF50B044-M.jpg?sw=400&sfrm=jpeg
Sujetador Balconette Elena Sheer Delight,"€ 35,90",,https://www.intimissimi.com/dw/image/v2/BHHR_PRD/on/demandware.static/-/Sites-INT_EC_COM/default/dwf0290833/images/RID2439019-M.jpg?sw=400&sfrm=jpeg
Sujetador Super Push-Up Gioia de Encaje,"€ 29,90",4 Colores,https://www.intimissimi.com/dw/image/v2/BHHR_PRD/on/demandware.static/-/Sites-INT_EC_COM/default/dw7b1e44e8/images/RPS91G_wear_001_M.jpg?sw=400&sfrm=png
Sujetador Balconette Francesca de Microfibra Ultra...,"€ 29,90",5 Colores,https://www.intimissimi.com/dw/image/v2/BHHR_PRD/on/demandware.static/-/Sites-INT_EC_COM/default/dw80560e56/images/RID49F417I-M.jpg?sw=400&sfrm=jpeg
Sujetador Balconette Daniela de Encaje,"€ 29,90",4 Colores,https://www.intimissimi.com/dw/image/v2/BHHR_PRD/on/demandware.static/-/Sites-INT_EC_COM/default/dw191636be/images/RBD91N_wear_001_M.jpg?sw=400&sfrm=png
Sujetador Triangular Lara de Algodón,"€ 19,90",9 Colores,https://www.intimissimi.com/dw/image/v2/BHHR_PRD/on/demandware.static/-/Sites-INT_EC_COM/default/dwc42654c4/images/RSD65M_wear_713I_M.jpg?sw=400&sfrm=png
Sujetador Balconette Giorgia de Encaje,"€ 29,90",5 Colores,https://www.intimissimi.com/dw/image/v2/BHHR_PRD/on/demandware.static/-/Sites-INT_EC_COM/default/dwbbc540f3/images/RID96G1473-M.jpg?sw=400&sfrm=jpeg
Sujetador Balconette Sofia Pretty Flowers,"€ 39,90",5 Colores,https://www.intimissimi.com/dw/image/v2/BHHR_PRD/on/demandware.static/-/Sites-INT_EC_COM/default/dw9660deb1/images/RI1294S_wear_347I_M.jpg?sw=400&sfrm=png
Sujetador Triángulo de Encaje Pretty Flowers,"€ 29,90",5 Colores,https://www.intimissimi.com/dw/image/v2/BHHR_PRD/on/demandware.static/-/Sites-INT_EC_COM/default/dw7b584fee/images/RSD1294735I-M.jpg?sw=400&sfrm=jpeg
Sujetador Gioia Super Push-up en Microfibra,"€ 27,90",4 Colores,https://www.intimissimi.com/dw/image/v2/BHHR_PRD/on/demandware.static/-/Sites-INT_EC_COM/default/dw24499d3e/images/RPS50C2280-M.jpg?sw=400&sfrm=jpeg
Sujetador Push-Up Bellissima de Encaje,"€ 25,90",5 Colores,https://www.intimissimi.com/dw/image/v2/BHHR_PRD/on/demandware.static/-/Sites-INT_EC_COM/default/dw1bd2e034/images/RPD96L001-M.jpg?sw=400&sfrm=jpeg
Sujetador Triangular Made in Heaven,"€ 29,90",,https://www.intimissimi.com/dw/image/v2/BHHR_PRD/on/demandware.static/-/Sites-INT_EC_COM/default/dwad06e8df/images/RSD1430730I-M.jpg?sw=400&sfrm=jpeg
Brasier In Action,"€ 35,90",2 Colores,https://www.intimissimi.com/dw/image/v2/BHHR_PRD/on/demandware.static/-/Sites-INT_EC_COM/default/dwe47ec960/images/RSP002B_wear_019_M.jpg?sw=400&sfrm=png
Sujetador Triangular Tiziana Silhouette D'Amour,"€ 29,90",2 Colores,https://www.intimissimi.com/dw/image/v2/BHHR_PRD/on/demandware.static/-/Sites-INT_EC_COM/default/dw0832152e/images/RIS2442019-M.jpg?sw=400&sfrm=jpeg
Sujetador de Triángulo de Seda y Encaje Tiziana,"€ 35,90",4 Colores,https://www.intimissimi.com/dw/image/v2/BHHR_PRD/on/demandware.static/-/Sites-INT_EC_COM/default/dwa3c6ec94/images/RIS92T019-M.jpg?sw=400&sfrm=jpeg
Sujetador Triangular Emma True Romance,"€ 29,90",,https://www.intimissimi.com/dw/image/v2/BHHR_PRD/on/demandware.static/-/Sites-INT_EC_COM/default/dwe5bc9ef5/images/RSD1424710I-M.jpg?sw=400&sfrm=jpeg
Sujetador Balconette Elena de Encaje,"€ 29,90",5 Colores,https://www.intimissimi.com/dw/image/v2/BHHR_PRD/on/demandware.static/-/Sites-INT_EC_COM/default/dwb3d4addd/images/RID91L_wear_2280_M.jpg?sw=400&sfrm=png
Sujetador Balconette Irina de Encaje,"€ 29,90",2 Colores,https://www.intimissimi.com/dw/image/v2/BHHR_PRD/on/demandware.static/-/Sites-INT_EC_COM/default/dwca454b0f/images/RID91I_wear_2280_M.jpg?sw=400&sfrm=png
Brasier con Cremallera In Action con Interior de A...,"€ 39,90",3 Colores,https://www.intimissimi.com/dw/image/v2/BHHR_PRD/on/demandware.static/-/Sites-INT_EC_COM/default/dwcc371f79/images/RSP001Z879I-M.jpg?sw=400&sfrm=jpeg
Brasier con Relleno In Action con Interior de Algo...,"€ 39,90",3 Colores,https://www.intimissimi.com/dw/image/v2/BHHR_PRD/on/demandware.static/-/Sites-INT_EC_COM/default/dweeac0e12/images/RSP001A_wear_732I_M.jpg?sw=400&sfrm=png
Sujetador Balconette Giorgia Ethereal Femininity,"€ 35,90",,https://www.intimissimi.com/dw/image/v2/BHHR_PRD/on/demandware.static/-/Sites-INT_EC_COM/default/dw562a45f8/images/RI1437G728I-M.jpg?sw=400&sfrm=jpeg
Sujetador Balconette con Semirrelleno Pretty Flowe...,"€ 29,90",2 Colores,https://www.intimissimi.com/dw/image/v2/BHHR_PRD/on/demandware.static/-/Sites-INT_EC_COM/default/dwab76f40f/images/RB1294C019-M.jpg?sw=400&sfrm=jpeg
Sujetador Balconette Irina Sensual Femininity,"€ 35,90",,https://www.intimissimi.com/dw/image/v2/BHHR_PRD/on/demandware.static/-/Sites-INT_EC_COM/default/dwbe2d7259/images/RID1435019-M.jpg?sw=400&sfrm=jpeg
Brasier con Relleno In Action con Interior de Algo...,"€ 39,90",3 Colores,https://www.intimissimi.com/dw/image/v2/BHHR_PRD/on/demandware.static/-/Sites-INT_EC_COM/default/dw1faf38aa/images/RSP001A_wear_661I_M.jpg?sw=400&sfrm=png
Sujetador Balconette Stefania Forever Macramè,"€ 29,90",,https://www.intimissimi.com/dw/image/v2/BHHR_PRD/on/demandware.static/-/Sites-INT_EC_COM/default/dweb865a67/images/RBD1433019-M.jpg?sw=400&sfrm=jpeg
Sujetador Bandeau Giada Charme Fatal,"€ 35,90",,https://www.intimissimi.com/dw/image/v2/BHHR_PRD/on/demandware.static/-/Sites-INT_EC_COM/default/dw32d7ac64/images/RIF13742127-M.jpg?sw=400&sfrm=jpeg
Sujetador Triangular Lacey Lovely,"€ 29,90",,https://www.intimissimi.com/dw/image/v2/BHHR_PRD/on/demandware.static/-/Sites-INT_EC_COM/default/dw8157a9fc/images/RSD1431019-M.jpg?sw=400&sfrm=jpeg
Brasier con Relleno In Action con Interior de Algo...,"€ 39,90",3 Colores,https://www.intimissimi.com/dw/image/v2/BHHR_PRD/on/demandware.static/-/Sites-INT_EC_COM/default/dw3186dfbb/images/RSP001A879I-M.jpg?sw=400&sfrm=jpeg
Sujetador Triangular Emma Ethereal Femininity,"€ 29,90",,https://www.intimissimi.com/dw/image/v2/BHHR_PRD/on/demandware.static/-/Sites-INT_EC_COM/default/dw6dd6cf35/images/RSD1437728I-M.jpg?sw=400&sfrm=jpeg
Sujetador Balconette Sofia de Encaje,"€ 29,90",6 Colores,https://www.intimissimi.com/dw/image/v2/BHHR_PRD/on/demandware.static/-/Sites-INT_EC_COM/default/dw4954a2ac/images/RID91S_wear_001_M.jpg?sw=400&sfrm=png
Sujetador Laura Banda en Microfibra,"€ 29,90",5 Colores,https://www.intimissimi.com/dw/image/v2/BHHR_PRD/on/demandware.static/-/Sites-INT_EC_COM/default/dwa897d259/images/RIF50B019-M.jpg?sw=400&sfrm=jpeg
Sujetador Push-up Bellissima de Encaje,"€ 25,90",5 Colores,https://www.intimissimi.com/dw/image/v2/BHHR_PRD/on/demandware.static/-/Sites-INT_EC_COM/default/dw7fadb3e5/images/RPD91L2280-M.jpg?sw=400&sfrm=jpeg
Sujetador Bandeau Anna de Microfibra Ultraligera,"€ 29,90",4 Colores,https://www.intimissimi.com/dw/image/v2/BHHR_PRD/on/demandware.static/-/Sites-INT_EC_COM/default/dwa66e7065/images/RIF49N_wear_417I_M.jpg?sw=400&sfrm=png
Sujetador de Triángulo de Seda y Encaje Tiziana,"€ 35,90",4 Colores,https://www.intimissimi.com/dw/image/v2/BHHR_PRD/on/demandware.static/-/Sites-INT_EC_COM/default/dwda3dffec/images/RIS92T163I-M.jpg?sw=400&sfrm=jpeg
Sujetador Bandeau Giada de Microfibra,"€ 29,90",5 Colores,https://www.intimissimi.com/dw/image/v2/BHHR_PRD/on/demandware.static/-/Sites-INT_EC_COM/default/dw38b3eaaa/images/RIF49A417I-M.jpg?sw=400&sfrm=jpeg
Sujetador de Triángulo de Seda y Encaje Tiziana,"€ 35,90",4 Colores,https://www.intimissimi.com/dw/image/v2/BHHR_PRD/on/demandware.static/-/Sites-INT_EC_COM/default/dw86fc320b/images/RIS92T2127-M.jpg?sw=400&sfrm=jpeg
Sujetador Triangular de Encaje Tiziana,"€ 27,90",6 Colores,https://www.intimissimi.com/dw/image/v2/BHHR_PRD/on/demandware.static/-/Sites-INT_EC_COM/default/dw88523b91/images/RIS91T_wear_1473_M.jpg?sw=400&sfrm=png
Sujetador Push-Up Elettra Sexy Dot Com,"€ 35,90",2 Colores,https://www.intimissimi.com/dw/image/v2/BHHR_PRD/on/demandware.static/-/Sites-INT_EC_COM/default/dwa33806a3/images/RPD24439888-M.jpg?sw=400&sfrm=jpeg
Sujetador Balconette Giulia de Microfibra Ultralig...,"€ 25,90",3 Colores,https://www.intimissimi.com/dw/image/v2/BHHR_PRD/on/demandware.static/-/Sites-INT_EC_COM/default/dwe86891a0/images/RBD49G044-M.jpg?sw=400&sfrm=jpeg
Sujetador Balconette Sofia Crochet Baby,"€ 35,90",,https://www.intimissimi.com/dw/image/v2/BHHR_PRD/on/demandware.static/-/Sites-INT_EC_COM/default/dw05d38d8b/images/RID1427001-M.jpg?sw=400&sfrm=jpeg
Sujetador Laura Banda en Microfibra,"€ 29,90",5 Colores,https://www.intimissimi.com/dw/image/v2/BHHR_PRD/on/demandware.static/-/Sites-INT_EC_COM/default/dwccd5097b/images/RIF50B417I-M.jpg?sw=400&sfrm=jpeg
Sujetador Super Push-Up Elettra de Encaje,"€ 29,90",3 Colores,https://www.intimissimi.com/dw/image/v2/BHHR_PRD/on/demandware.static/-/Sites-INT_EC_COM/default/dwf3cefc92/images/RPD96S019-M.jpg?sw=400&sfrm=jpeg
Sujetador Bandeau Monica de Microfibra,"€ 29,90",2 Colores,https://www.intimissimi.com/dw/image/v2/BHHR_PRD/on/demandware.static/-/Sites-INT_EC_COM/default/dw7f8a5f32/images/RIF50N019-M.jpg?sw=400&sfrm=jpeg
Sujetador Balconette Giulia de Microfibra Ultralig...,"€ 25,90",3 Colores,https://www.intimissimi.com/dw/image/v2/BHHR_PRD/on/demandware.static/-/Sites-INT_EC_COM/default/dw400f9cd1/images/RBD49G019-M.jpg?sw=400&sfrm=jpeg
Sujetador Balconette Pretty Flowers,"€ 29,90",3 Colores,https://www.intimissimi.com/dw/image/v2/BHHR_PRD/on/demandware.static/-/Sites-INT_EC_COM/default/dw6bd60b12/images/RB1294B_wear_9887_M.jpg?sw=400&sfrm=png
Sujetador Balconette Elena The Flower Girl,"€ 29,90",2 Colores,https://www.intimissimi.com/dw/image/v2/BHHR_PRD/on/demandware.static/-/Sites-INT_EC_COM/default/dw3913b177/images/RI1432L725I-M.jpg?sw=400&sfrm=jpeg
Sujetador Triangular Emma Invisible Touch,"€ 29,90",3 Colores,https://www.intimissimi.com/dw/image/v2/BHHR_PRD/on/demandware.static/-/Sites-INT_EC_COM/default/dw6ba2e48b/images/RSD95E_wear_2127_M.jpg?sw=400&sfrm=png
Sujetador Super Push-Up Gioia de Encaje,"€ 29,90",4 Colores,https://www.intimissimi.com/dw/image/v2/BHHR_PRD/on/demandware.static/-/Sites-INT_EC_COM/default/dw6cd2c488/images/RPS91G_wear_019_M.jpg?sw=400&sfrm=png
Sujetador Balconette Irina de Encaje,"€ 29,90",2 Colores,https://www.intimissimi.com/dw/image/v2/BHHR_PRD/on/demandware.static/-/Sites-INT_EC_COM/default/dw13ac20bf/images/RID96I2280-M.jpg?sw=400&sfrm=jpeg
Sujetador Triangular Tiziana Pretty Flower,"€ 29,90",3 Colores,https://www.intimissimi.com/dw/image/v2/BHHR_PRD/on/demandware.static/-/Sites-INT_EC_COM/default/dw0d63210f/images/RIS1294_wear_347I_M.jpg?sw=400&sfrm=png
Brasier Bandana Mania,"€ 25,90",,https://www.intimissimi.com/dw/image/v2/BHHR_PRD/on/demandware.static/-/Sites-INT_EC_COM/default/dwcd346785/images/RSP1434726I-M.jpg?sw=400&sfrm=jpeg
Sujetador Triangular Tiziana Bandana Mania,"€ 29,90",,https://www.intimissimi.com/dw/image/v2/BHHR_PRD/on/demandware.static/-/Sites-INT_EC_COM/default/dw75006aa7/images/RIS1434726I-M.jpg?sw=400&sfrm=jpeg
Sujetador Balconette Elena de Encaje,"€ 29,90",5 Colores,https://www.intimissimi.com/dw/image/v2/BHHR_PRD/on/demandware.static/-/Sites-INT_EC_COM/default/dwba3380e4/images/RID91L_wear_1473_M.jpg?sw=400&sfrm=png
Sujetador Triangular Lucia Pretty Flowers,"€ 29,90",2 Colores,https://www.intimissimi.com/dw/image/v2/BHHR_PRD/on/demandware.static/-/Sites-INT_EC_COM/default/dw93e00d04/images/RS1294I_wear_347I_M.jpg?sw=400&sfrm=png
Sujetador Balconette Crochet Baby,"€ 29,90",,https://www.intimissimi.com/dw/image/v2/BHHR_PRD/on/demandware.static/-/Sites-INT_EC_COM/default/dwaf663335/images/RBD1427001-M.jpg?sw=400&sfrm=jpeg
Sujetador Push-Up Bellissima Pretty Flowers,"€ 29,90",4 Colores,https://www.intimissimi.com/dw/image/v2/BHHR_PRD/on/demandware.static/-/Sites-INT_EC_COM/default/dw8c0695a1/images/RPD1294347I-M.jpg?sw=400&sfrm=jpeg
Sujetador Bandeau Ilaria de Microfibra,"€ 19,90",3 Colores,https://www.intimissimi.com/dw/image/v2/BHHR_PRD/on/demandware.static/-/Sites-INT_EC_COM/default/dw3a51f7c3/images/RSP50B2280-M.jpg?sw=400&sfrm=jpeg
Sujetador Balconette Sofia de Encaje,"€ 29,90",6 Colores,https://www.intimissimi.com/dw/image/v2/BHHR_PRD/on/demandware.static/-/Sites-INT_EC_COM/default/dwde422df5/images/RID91S_wear_044_M.jpg?sw=400&sfrm=png
Sujetador Banda Gioia,"€ 29,90",6 Colores,https://www.intimissimi.com/dw/image/v2/BHHR_PRD/on/demandware.static/-/Sites-INT_EC_COM/default/dwfa022575/images/RIF50G_wear_502I_M.jpg?sw=400&sfrm=png
Sujetador Balconette The Flower Girl,"€ 29,90",2 Colores,https://www.intimissimi.com/dw/image/v2/BHHR_PRD/on/demandware.static/-/Sites-INT_EC_COM/default/dw6bb61aeb/images/RBD1432725I-M.jpg?sw=400&sfrm=jpeg
Sujetador Push-Up Fabiola Crochet Baby,"€ 35,90",,https://www.intimissimi.com/dw/image/v2/BHHR_PRD/on/demandware.static/-/Sites-INT_EC_COM/default/dw30f26c78/images/RPS1427001-M.jpg?sw=400&sfrm=jpeg
Sujetador Triangular con Relleno True Romance,"€ 35,90",2 Colores,https://www.intimissimi.com/dw/image/v2/BHHR_PRD/on/demandware.static/-/Sites-INT_EC_COM/default/dwc171cfd4/images/RIS1424710I-M.jpg?sw=400&sfrm=jpeg
Sujetador Balconette Giorgia de Encaje,"€ 29,90",5 Colores,https://www.intimissimi.com/dw/image/v2/BHHR_PRD/on/demandware.static/-/Sites-INT_EC_COM/default/dwc573fd72/images/RID91G001-M.jpg?sw=400&sfrm=jpeg
Sujetador Triangular Lara Invisible Touch,"€ 29,90",3 Colores,https://www.intimissimi.com/dw/image/v2/BHHR_PRD/on/demandware.static/-/Sites-INT_EC_COM/default/dwd9599591/images/RSD95M_wear_2127_M.jpg?sw=400&sfrm=png
Sujetador Balconette con Semirrelleno Pretty Flowe...,"€ 29,90",2 Colores,https://www.intimissimi.com/dw/image/v2/BHHR_PRD/on/demandware.static/-/Sites-INT_EC_COM/default/dwc244b970/images/RB1294C735I-M.jpg?sw=400&sfrm=jpeg
Sujetador Triangular Lucia Pretty Flowers,"€ 29,90",2 Colores,https://www.intimissimi.com/dw/image/v2/BHHR_PRD/on/demandware.static/-/Sites-INT_EC_COM/default/dwa694d788/images/RS1294I_wear_9887_M.jpg?sw=400&sfrm=png
Sujetador Triangular con Relleno True Romance,"€ 35,90",2 Colores,https://www.intimissimi.com/dw/image/v2/BHHR_PRD/on/demandware.static/-/Sites-INT_EC_COM/default/dwddc8d95d/images/RIS1424_wear_001_M.jpg?sw=400&sfrm=png
Sujetador Balconette Sofia Sweet Temptation,"€ 35,90",3 Colores,https://www.intimissimi.com/dw/image/v2/BHHR_PRD/on/demandware.static/-/Sites-INT_EC_COM/default/dw438fde61/images/RID1428_wear_712I_M.jpg?sw=400&sfrm=png
Sujetador Balconette Sofia The Flower Girl,"€ 35,90",2 Colores,https://www.intimissimi.com/dw/image/v2/BHHR_PRD/on/demandware.static/-/Sites-INT_EC_COM/default/dw89c4c6c2/images/RID1432725I-M.jpg?sw=400&sfrm=jpeg
Sujetador Balconette Sveva Invisible Touch,"€ 29,90",3 Colores,https://www.intimissimi.com/dw/image/v2/BHHR_PRD/on/demandware.static/-/Sites-INT_EC_COM/default/dwa82d5514/images/RBD95A_wear_2127_M.jpg?sw=400&sfrm=png
Sujetador Triangular Lara de Microfibra Ultraliger...,"€ 27,90",4 Colores,https://www.intimissimi.com/dw/image/v2/BHHR_PRD/on/demandware.static/-/Sites-INT_EC_COM/default/dwb51356a7/images/RSD49M_wear_417I_M.jpg?sw=400&sfrm=png
Sujetador Balconette Giulia de Microfibra Ultralig...,"€ 25,90",3 Colores,https://www.intimissimi.com/dw/image/v2/BHHR_PRD/on/demandware.static/-/Sites-INT_EC_COM/default/dwb0ffc742/images/RBD49G2280-M.jpg?sw=400&sfrm=jpeg
Sujetador Super Push-Up Gioia de Microfibra,"€ 27,90",4 Colores,https://www.intimissimi.com/dw/image/v2/BHHR_PRD/on/demandware.static/-/Sites-INT_EC_COM/default/dw942a909a/images/RPS50G001-M.jpg?sw=400&sfrm=jpeg
Sujetador Push-Up Bellissima True Romance,"€ 29,90",,https://www.intimissimi.com/dw/image/v2/BHHR_PRD/on/demandware.static/-/Sites-INT_EC_COM/default/dw2565b053/images/RPD1424710I-M.jpg?sw=400&sfrm=jpeg
Sujetador Super Push-Up Gioia de Microfibra,"€ 27,90",4 Colores,https://www.intimissimi.com/dw/image/v2/BHHR_PRD/on/demandware.static/-/Sites-INT_EC_COM/default/dw84c942e5/images/RPS50G044-M.jpg?sw=400&sfrm=jpeg
Sujetador Triangular Tiziana de Algodón,"€ 19,90",14 Colores,https://www.intimissimi.com/dw/image/v2/BHHR_PRD/on/demandware.static/-/Sites-INT_EC_COM/default/dw7b75bd49/images/RIS65T5497-M.jpg?sw=400&sfrm=jpeg
Sujetador Balconette Giorgia Something Lacy,"€ 29,90",,https://www.intimissimi.com/dw/image/v2/BHHR_PRD/on/demandware.static/-/Sites-INT_EC_COM/default/dw03d4d36c/images/RI1411G_wear_9888_M.jpg?sw=400&sfrm=png
Sujetador Balconette Giorgia Sweet Temptation,"€ 35,90",3 Colores,https://www.intimissimi.com/dw/image/v2/BHHR_PRD/on/demandware.static/-/Sites-INT_EC_COM/default/dw1cb1ee15/images/RI1428G_wear_712I_M.jpg?sw=400&sfrm=png
Sujetador Balconette Eleonora de Encaje,"€ 35,90",2 Colores,https://www.intimissimi.com/dw/image/v2/BHHR_PRD/on/demandware.static/-/Sites-INT_EC_COM/default/dwdaec4d33/images/RID91T_wear_2280_M.jpg?sw=400&sfrm=png
Brasier In Action con Interior de Algodón Supima®,"€ 39,90",2 Colores,https://www.intimissimi.com/dw/image/v2/BHHR_PRD/on/demandware.static/-/Sites-INT_EC_COM/default/dw548f074c/images/RSP001B_wear_7539_M.jpg?sw=400&sfrm=png
Sujetador Balconette Giorgia de Encaje,"€ 29,90",5 Colores,https://www.intimissimi.com/dw/image/v2/BHHR_PRD/on/demandware.static/-/Sites-INT_EC_COM/default/dwce282d12/images/RID96G001-M.jpg?sw=400&sfrm=jpeg
Sujetador Push-Up Multifunción Silvia de Microfibr...,"€ 27,90",3 Colores,https://www.intimissimi.com/dw/image/v2/BHHR_PRD/on/demandware.static/-/Sites-INT_EC_COM/default/dwe1d1c3c6/images/RPD50V2280-M.jpg?sw=400&sfrm=jpeg
Sujetador Push-Up Fabiola de Encaje,"€ 29,90",2 Colores,https://www.intimissimi.com/dw/image/v2/BHHR_PRD/on/demandware.static/-/Sites-INT_EC_COM/default/dw33805a04/images/RPS91A_wear_2280_M.jpg?sw=400&sfrm=png
Sujetador Bandeau Daila de Microfibra Ultraligera,"€ 29,90",4 Colores,https://www.intimissimi.com/dw/image/v2/BHHR_PRD/on/demandware.static/-/Sites-INT_EC_COM/default/dw984da42e/images/RIF49B001-M.jpg?sw=400&sfrm=jpeg
Sujetador Super Push-Up Gioia de Microfibra,"€ 27,90",4 Colores,https://www.intimissimi.com/dw/image/v2/BHHR_PRD/on/demandware.static/-/Sites-INT_EC_COM/default/dwf559d8bf/images/RPS50G_wear_2280_M.jpg?sw=400&sfrm=png
Sujetador Banda Gioia,"€ 29,90",6 Colores,https://www.intimissimi.com/dw/image/v2/BHHR_PRD/on/demandware.static/-/Sites-INT_EC_COM/default/dwaadfb099/images/RIF50G001-M.jpg?sw=400&sfrm=jpeg
Sujetador Balconette Giorgia Pretty Flowers,"€ 39,90",3 Colores,https://www.intimissimi.com/dw/image/v2/BHHR_PRD/on/demandware.static/-/Sites-INT_EC_COM/default/dw1286ca26/images/RI1294G_wear_9887_M.jpg?sw=400&sfrm=png
Sujetador Gioia Super Push-up en Microfibra,"€ 27,90",4 Colores,https://www.intimissimi.com/dw/image/v2/BHHR_PRD/on/demandware.static/-/Sites-INT_EC_COM/default/dw5b71b749/images/RPS50C019-M.jpg?sw=400&sfrm=jpeg
Sujetador Push-up Silvia Pretty Flowers,"€ 35,90",,https://www.intimissimi.com/dw/image/v2/BHHR_PRD/on/demandware.static/-/Sites-INT_EC_COM/default/dwf940545b/images/RP1294S_wear_9887_M.jpg?sw=400&sfrm=png
Sujetador Bandeau Monica de Microfibra,"€ 29,90",2 Colores,https://www.intimissimi.com/dw/image/v2/BHHR_PRD/on/demandware.static/-/Sites-INT_EC_COM/default/dw9a4a018e/images/RIF50N001-M.jpg?sw=400&sfrm=jpeg
Brasier In Action con Interior de Algodón Supima®,"€ 39,90",2 Colores,https://www.intimissimi.com/dw/image/v2/BHHR_PRD/on/demandware.static/-/Sites-INT_EC_COM/default/dw3591219a/images/RSP001B_wear_661I_M.jpg?sw=400&sfrm=png
Sujetador Bandeau Daila de Microfibra Ultraligera,"€ 29,90",4 Colores,https://www.intimissimi.com/dw/image/v2/BHHR_PRD/on/demandware.static/-/Sites-INT_EC_COM/default/dw95bf017a/images/RIF49B417I-M.jpg?sw=400&sfrm=jpeg
Sujetador Bandeau Giada de Microfibra,"€ 29,90",5 Colores,https://www.intimissimi.com/dw/image/v2/BHHR_PRD/on/demandware.static/-/Sites-INT_EC_COM/default/dw563168ed/images/RIF49A_wear_502I_M.jpg?sw=400&sfrm=png
Brasier con Cremallera In Action con Interior de A...,"€ 39,90",3 Colores,https://www.intimissimi.com/dw/image/v2/BHHR_PRD/on/demandware.static/-/Sites-INT_EC_COM/default/dwf746443d/images/RSP001Z_wear_661I_M.jpg?sw=400&sfrm=png
Sujetador Bandeau Anna de Microfibra Ultraligera,"€ 29,90",4 Colores,https://www.intimissimi.com/dw/image/v2/BHHR_PRD/on/demandware.static/-/Sites-INT_EC_COM/default/dw2aa73482/images/RIF49N502I-M.jpg?sw=400&sfrm=jpeg
Sujetador Balconette Giorgia Pretty Flowers,"€ 39,90",3 Colores,https://www.intimissimi.com/dw/image/v2/BHHR_PRD/on/demandware.static/-/Sites-INT_EC_COM/default/dw8a43d341/images/RI1294G_wear_347I_M.jpg?sw=400&sfrm=png
Sujetador Laura Banda en Microfibra,"€ 29,90",5 Colores,https://www.intimissimi.com/dw/image/v2/BHHR_PRD/on/demandware.static/-/Sites-INT_EC_COM/default/dw07fe93d1/images/RIF50B_wear_502I_M.jpg?sw=400&sfrm=png
Sujetador Triangular Lara de Microfibra Ultraliger...,"€ 27,90",4 Colores,https://www.intimissimi.com/dw/image/v2/BHHR_PRD/on/demandware.static/-/Sites-INT_EC_COM/default/dw0a585458/images/RSD49M_wear_502I_M.jpg?sw=400&sfrm=png
Sujetador Push-Up Sweet en Microfibra Bellissima,"€ 19,90",5 Colores,https://www.intimissimi.com/dw/image/v2/BHHR_PRD/on/demandware.static/-/Sites-INT_EC_COM/default/dw841461c9/images/RP50L21467-M.jpg?sw=400&sfrm=jpeg
Sujetador Triangular de Encaje Tiziana,"€ 27,90",6 Colores,https://www.intimissimi.com/dw/image/v2/BHHR_PRD/on/demandware.static/-/Sites-INT_EC_COM/default/dw0ccaef9e/images/RIS91T_wear_2280_M.jpg?sw=400&sfrm=png
